Token,Label
⚡እስከ,O
°,O
ሙቀት,O
መቆቆም,O
የሚችል,O
ዋጋ-ብር✅,O
አድራሻ,O
ቁ.,O
ስሪ,O
ኤም,O
ሲቲ,O
ሞል,O
ሁለተኛ,O
ፎቅ,O
ቢሮ,O
ቁ.,O
-(ከ,O
ሊፍቱ,O
ፊት,O
ለ,O
ፊት),O
ቁ.,O
ለቡ,O
መዳህኒዓለም,O
ቤተ/ክርስቲያን,O
ፊት,O
ለፊት,O
ኛ,O
ፎቅ,O
ቢሮ,O
ቁጥር.,O
ለቡ,O
ቅርንጫፍ,O
በ,O
ለማዘዝ,O
⤵️,O
ይጠቀሙ,O
ለተጨማሪ,O
ማብራሪያ,O
የቴሌግራም,O
ገፃችን⤵️,O
ጊዜ,O
ቆጣቢ,O
ስላይስ,O
ማድረጊያ,O
ለእጅ,O
ሴፍቲ,O
ተመራጭ,O
ለድንች,O
ለካሮትና,O
ሌሎች,O
አታክልቶች,O
ተመራጭ,O
ጥራት,O
ያለው,O
ዕቃ,O
ዋጋ፦,O
✅,O
",",O
ብር,O
አድራሻ,O
ቁ.,O
ስሪ,O
ኤም,O
ሲቲ,O
ሞል,O
ሁለተኛ,O
ፎቅ,O
ቢሮ,O
ቁ.,O
-(ከ,O
ሊፍቱ,O
ፊት,O
ለ,O
ፊት),O
ቁ.,O
ለቡ,O
መዳህኒዓለም,O
ቤተ/ክርስቲያን,O
ፊት,O
ለፊት,O
ኛ,O
ፎቅ,O
ቢሮ,O
ቁጥር.,O
ለቡ,O
ቅርንጫፍ,O
በ,O
ለማዘዝ,O
⤵️,O
ይጠቀሙ,O
ለተጨማሪ,O
ማብራሪያ,O
የቴሌግራም,O
ገፃችን⤵️,O
",",O
",",O
-,O
.,O
",",O
",",O
",",O
",",O
",",O
",",O
",",O
.,O
:,O
*,O
*,O
-,O
ዋጋ፦,O
:-,O
ብር✅,O
♦️ውስን,O
ፍሬ,O
ነው,O
ያለው,O
አድራሻ,O
ቁ.,O
ስሪ,O
ኤም,O
ሲቲ,O
ሞል,O
ሁለተኛ,O
ፎቅ,O
ቢሮ,O
ቁ.,O
-(ከ,O
ሊፍቱ,O
ፊት,O
ለ,O
ፊት),O
ቁ.,O
ለቡ,O
መዳህኒዓለም,O
ቤተ/ክርስቲያን,O
ፊት,O
ለፊት,O
ኛ,O
ፎቅ,O
ቢሮ,O
ቁጥር.,O
ለቡ,O
ቅርንጫፍ,O
በ,O
ለማዘዝ,O
⤵️,O
ይጠቀሙ,O
ለተጨማሪ,O
ማብራሪያ,O
የቴሌግራም,O
ገፃችን⤵️,O
",",O
",",O
-,O
.,O
",",O
",",O
",",O
",",O
",",O
",",O
",",O
.,O
:,O
*,O
*,O
-,O
ዋጋ፦,O
:-,O
ብር✅,O
♦️ውስን,O
ፍሬ,O
ነው,O
ያለው,O
አድራሻ,O
ቁ.,O
ስሪ,O
ኤም,O
ሲቲ,O
ሞል,O
ሁለተኛ,O
ፎቅ,O
ቢሮ,O
ቁ.,O
-(ከ,O
ሊፍቱ,O
ፊት,O
ለ,O
ፊት),O
ቁ.,O
ለቡ,O
መዳህኒዓለም,O
ቤተ/ክርስቲያን,O
ፊት,O
ለፊት,O
ኛ,O
ፎቅ,O
ቢሮ,O
ቁጥር.,O
ለቡ,O
ቅርንጫፍ,O
በ,O
ለማዘዝ,O
⤵️,O
ይጠቀሙ,O
ለተጨማሪ,O
ማብራሪያ,O
የቴሌግራም,O
ገፃችን⤵️,O
",,",O
ዋጋ:-ብር✅,O
❌ውስን,O
ፍሬ,O
ነው,O
ያለው,O
አድራሻ,O
ቁ.,O
ስሪ,O
ኤም,O
ሲቲ,O
ሞል,O
ሁለተኛ,O
ፎቅ,O
ቢሮ,O
ቁ.,O
-(ከ,O
ሊፍቱ,O
ፊት,O
ለ,O
ፊት),O
ቁ.,O
ለቡ,O
መዳህኒዓለም,O
ቤተ/ክርስቲያን,O
ፊት,O
ለፊት,O
ኛ,O
ፎቅ,O
ቢሮ,O
ቁጥር.,O
ለቡ,O
ቅርንጫፍ,O
በ,O
ለማዘዝ,O
⤵️,O
ይጠቀሙ,O
ለተጨማሪ,O
ማብራሪያ,O
የቴሌግራም,O
ገፃችን⤵️,O
",,",O
ዋጋ:-ብር✅,O
❌ውስን,O
ፍሬ,O
ነው,O
ያለው,O
አድራሻ,O
ቁ.,O
ስሪ,O
ኤም,O
ሲቲ,O
ሞል,O
ሁለተኛ,O
ፎቅ,O
ቢሮ,O
ቁ.,O
-(ከ,O
ሊፍቱ,O
ፊት,O
ለ,O
ፊት),O
ቁ.,O
ለቡ,O
መዳህኒዓለም,O
ቤተ/ክርስቲያን,O
ፊት,O
ለፊት,O
ኛ,O
ፎቅ,O
ቢሮ,O
ቁጥር.,O
ለቡ,O
ቅርንጫፍ,O
በ,O
ለማዘዝ,O
⤵️,O
ይጠቀሙ,O
ለተጨማሪ,O
ማብራሪያ,O
የቴሌግራም,O
ገፃችን⤵️,O
ትልቁ,O
ዋጋ:-ትልቁ:-ብር✅,O
❌ውስን,O
ፍሬ,O
ነው,O
ያለው,O
አድራሻ,O
ቁ.,O
ስሪ,O
ኤም,O
ሲቲ,O
ሞል,O
ሁለተኛ,O
ፎቅ,O
ቢሮ,O
ቁ.,O
-(ከ,O
ሊፍቱ,O
ፊት,O
ለ,O
ፊት),O
ቁ.,O
ለቡ,O
መዳህኒዓለም,O
ቤተ/ክርስቲያን,O
ፊት,O
ለፊት,O
ኛ,O
ፎቅ,O
ቢሮ,O
ቁጥር.,O
ለቡ,O
ቅርንጫፍ,O
በ,O
ለማዘዝ,O
⤵️,O
ይጠቀሙ,O
ለተጨማሪ,O
ማብራሪያ,O
የቴሌግራም,O
ገፃችን⤵️,O
✔️,O
የፀጉርና,O
የፂም,O
መቁረጪያ,O
ቶንዶስ,O
✔️,O
በቻርጅ,O
የሚሰራ,O
✔️,O
ከ-,O
ሰዓት,O
ቻርጅ,O
ተደርጎ,O
ከ-,O
ደቂቃ,O
ይጠቀሙበታል,O
✔️,O
መለዋወጫ,O
ጥርስ,O
ያለው,O
✔️,O
ባትሪ,O
✔️,O
በየትኛውም,O
የሰውነት,O
ክፍል,O
የሚበቅል,O
ፀጉርን,O
ሙልጭጭ,O
አድርጎ,O
ይቆርጣል፤,O
ቅርፅም,O
ያወጣል,O
ፀጉር,O
ቤት,O
ይዘውት,O
ቢጠቀሙበት,O
የሚያኮራ,O
✔️,O
የባትሪ,O
መጠን,O
ማሳያ,O
ስክሪን,O
ያለው,O
ዋጋ:-,O
ብር,O
❌ውስን,O
ፍሬ,O
ነው,O
ያለው,O
አድራሻ,O
ቁ.,O
ስሪ,O
ኤም,O
ሲቲ,O
ሞል,O
ሁለተኛ,O
ፎቅ,O
ቢሮ,O
ቁ.,O
-(ከ,O
ሊፍቱ,O
ፊት,O
ለ,O
ፊት),O
ቁ.,O
ለቡ,O
መዳህኒዓለም,O
ቤተ/ክርስቲያን,O
ፊት,O
ለፊት,O
ኛ,O
ፎቅ,O
ቢሮ,O
ቁጥር.,O
ለቡ,O
ቅርንጫፍ,O
በ,O
ለማዘዝ,O
⤵️,O
ይጠቀሙ,O
ለተጨማሪ,O
ማብራሪያ,O
የቴሌግራም,O
ገፃችን⤵️,O
ጠንካራ,O
እና,O
እማይሰበር,O
ዋጋ:-:-ብር✅,O
:-ብር✅,O
አድራሻ,O
ቁ.,O
መገናኝ,O
ስሪ,O
ኤም,O
ሲቲ,O
ሞል,O
ሁለተኛ,O
ፎቅ,O
ቢሮ,O
ቁ.,O
-(ከ,O
ሊፍቱ,O
ፊት,O
ለ,O
ፊት),O
ቁ.,O
ለቡ,O
መዳህኒዓለም,O
ቤተ/ክርስቲያን,O
ፊት,O
ለፊት,O
ኛ,O
ፎቅ,O
ቢሮ,O
ቁጥር.,O
ለቡ,O
ቅርንጫፍ,O
በ,O
ለማዘዝ,O
⤵️,O
ይጠቀሙ,O
ለተጨማሪ,O
ማብራሪያ,O
የቴሌግራም,O
ገፃችን⤵️,O
⚡️በውስጡ,O
የምሳ,O
ዕቃወች,O
የያዘ,O
⚡️️,O
⚡️,O
⚡️ምግብዎን,O
ሳያቀዘቅዝ,O
እንደሞቀ,O
ሚያቆይ,O
በቢሮዎ,O
ውስጥ,O
ለልጆች,O
ትምህርት,O
ቤት,O
ዋጋ:-ብር✅,O
✖️ውስን,O
ፍሬ,O
ነው,O
ያለን,O
አድራሻ,O
ቁ.,O
መገናኛ,O
ስሪ,O
ኤም,O
ሲቲ,O
ሞል,O
ሁለተኛ,O
ፎቅ,O
ቢሮ,O
ቁ.,O
-(ከ,O
ሊፍቱ,O
ፊት,O
ለ,O
ፊት),O
ቁ.,O
ለቡ,O
መዳህኒዓለም,O
ቤተ/ክርስቲያን,O
ፊት,O
ለፊት,O
ኛ,O
ፎቅ,O
ቢሮ,O
ቁጥር.,O
ለቡ,O
ቅርንጫፍ,O
በ,O
ለማዘዝ,O
⤵️,O
ይጠቀሙ,O
ለተጨማሪ,O
ማብራሪያ,O
የቴሌግራም,O
ገፃችን⤵️,O
⚡️በውስጡ,O
የምሳ,O
ዕቃወች,O
የያዘ,O
⚡️️,O
⚡️,O
⚡️ምግብዎን,O
ሳያቀዘቅዝ,O
እንደሞቀ,O
ሚያቆይ,O
በቢሮዎ,O
ውስጥ,O
ለልጆች,O
ትምህርት,O
ቤት,O
ዋጋ:-ብር✅,O
✖️ውስን,O
ፍሬ,O
ነው,O
ያለን,O
አድራሻ,O
ቁ.,O
መገናኛ,O
ስሪ,O
ኤም,O
ሲቲ,O
ሞል,O
ሁለተኛ,O
ፎቅ,O
ቢሮ,O
ቁ.,O
-(ከ,O
ሊፍቱ,O
ፊት,O
ለ,O
ፊት),O
ቁ.,O
ለቡ,O
መዳህኒዓለም,O
ቤተ/ክርስቲያን,O
ፊት,O
ለፊት,O
ኛ,O
ፎቅ,O
ቢሮ,O
ቁጥር.,O
ለቡ,O
ቅርንጫፍ,O
በ,O
ለማዘዝ,O
⤵️,O
ይጠቀሙ,O
ለተጨማሪ,O
ማብራሪያ,O
የቴሌግራም,O
ገፃችን⤵️,O
✔️,O
ማጂክ,O
መወልወያ,O
✔️,O
ውሃ,O
በከፍተኛ,O
ደረጃ,O
ይመጣል,O
✔️በራሱ,O
ይጨምቃል,O
ከእጅ,O
ንኪኪ,O
ነፃ,O
ዋጋ፦,O
ብር,O
ውስን,O
ፍሬ,O
ነው,O
የቀረው,O
❌❌,O
<,O
አድራሻ,O
ቁ.,O
መገናኛ,O
ታሜ,O
ጋስ,O
ህንፃ,O
ጎን,O
ስሪ,O
ኤም,O
ሲቲ,O
ሞል,O
ሁለተኛ,O
ፎቅ,O
ቢሮ,O
ቁ.,O
-(ከ,O
ሊፍቱ,O
ፊት,O
ለ,O
ፊት),O
ቁ.,O
ለቡ,O
መዳህኒዓለም,O
ቤተ/ክርስቲያን,O
ፊት,O
ለፊት,O
ኛ,O
ፎቅ,O
ቢሮ,O
ቁጥር.,O
በ,O
ለማዘዝ,O
⤵️,O
ይጠቀሙ,O
ለተጨማሪ,O
ማብራሪያ,O
የቴሌግራም,O
ገፃችን⤵️,O
✔️,O
ማጂክ,O
መወልወያ,O
✔️,O
ውሃ,O
በከፍተኛ,O
ደረጃ,O
ይመጣል,O
✔️በራሱ,O
ይጨምቃል,O
ከእጅ,O
ንኪኪ,O
ነፃ,O
ዋጋ፦,O
ብር,O
ውስን,O
ፍሬ,O
ነው,O
የቀረው,O
❌❌,O
<,O
አድራሻ,O
ቁ.,O
መገናኛ,O
ታሜ,O
ጋስ,O
ህንፃ,O
ጎን,O
ስሪ,O
ኤም,O
ሲቲ,O
ሞል,O
ሁለተኛ,O
ፎቅ,O
ቢሮ,O
ቁ.,O
-(ከ,O
ሊፍቱ,O
ፊት,O
ለ,O
ፊት),O
ቁ.,O
ለቡ,O
መዳህኒዓለም,O
ቤተ/ክርስቲያን,O
ፊት,O
ለፊት,O
ኛ,O
ፎቅ,O
ቢሮ,O
ቁጥር.,O
በ,O
ለማዘዝ,O
⤵️,O
ይጠቀሙ,O
ለተጨማሪ,O
ማብራሪያ,O
የቴሌግራም,O
ገፃችን⤵️,O
⚡️በወር,O
አበባ,O
ወቅት,O
ለሚመጡ,O
ህመሞች,O
ፍቱን,O
መፍትሄ,O
",",O
.,O
ዋጋ:-ብር✅,O
✖️ውስን,O
ፍሬ,O
ነው,O
ያለን,O
አድራሻ,O
ቁ.,O
መገናኛ,O
ታሜ,O
ጋስ,O
ህንፃ,O
ጎን,O
ስሪ,O
ኤም,O
ሲቲ,O
ሞል,O
ሁለተኛ,O
ፎቅ,O
ቢሮ,O
ቁ.,O
-(ከ,O
ሊፍቱ,O
ፊት,O
ለ,O
ፊት),O
ቁ.,O
ለቡ,O
መዳህኒዓለም,O
ቤተ/ክርስቲያን,O
ፊት,O
ለፊት,O
ኛ,O
ፎቅ,O
ቢሮ,O
ቁጥር.,O
በ,O
ለማዘዝ,O
⤵️,O
ይጠቀሙ,O
ለተጨማሪ,O
ማብራሪያ,O
የቴሌግራም,O
ገፃችን⤵️,O
⚡️በወር,O
አበባ,O
ወቅት,O
ለሚመጡ,O
ህመሞች,O
ፍቱን,O
መፍትሄ,O
",",O
.,O
ዋጋ:-ብር✅,O
✖️ውስን,O
ፍሬ,O
ነው,O
ያለን,O
አድራሻ,O
ቁ.,O
መገናኛ,O
ታሜ,O
ጋስ,O
ህንፃ,O
ጎን,O
ስሪ,O
ኤም,O
ሲቲ,O
ሞል,O
ሁለተኛ,O
ፎቅ,O
ቢሮ,O
ቁ.,O
-(ከ,O
ሊፍቱ,O
ፊት,O
ለ,O
ፊት),O
ቁ.,O
ለቡ,O
መዳህኒዓለም,O
ቤተ/ክርስቲያን,O
ፊት,O
ለፊት,O
ኛ,O
ፎቅ,O
ቢሮ,O
ቁጥር.,O
በ,O
ለማዘዝ,O
⤵️,O
ይጠቀሙ,O
ለተጨማሪ,O
ማብራሪያ,O
የቴሌግራም,O
ገፃችን⤵️,O
⚡️በወር,O
አበባ,O
ወቅት,O
ለሚመጡ,O
ህመሞች,O
ፍቱን,O
መፍትሄ,O
",",O
.,O
ዋጋ:-ብር✅,O
✖️ውስን,O
ፍሬ,O
ነው,O
ያለን,O
አድራሻ,O
ቁ.,O
መገናኛ,O
ታሜ,O
ጋስ,O
ህንፃ,O
ጎን,O
ስሪ,O
ኤም,O
ሲቲ,O
ሞል,O
ሁለተኛ,O
ፎቅ,O
ቢሮ,O
ቁ.,O
-(ከ,O
ሊፍቱ,O
ፊት,O
ለ,O
ፊት),O
ቁ.,O
ለቡ,O
መዳህኒዓለም,O
ቤተ/ክርስቲያን,O
ፊት,O
ለፊት,O
ኛ,O
ፎቅ,O
ቢሮ,O
ቁጥር.,O
በ,O
ለማዘዝ,O
⤵️,O
ይጠቀሙ,O
ለተጨማሪ,O
ማብራሪያ,O
የቴሌግራም,O
ገፃችን⤵️,O
⚡️በወር,O
አበባ,O
ወቅት,O
ለሚመጡ,O
ህመሞች,O
ፍቱን,O
መፍትሄ,O
",",O
.,O
ዋጋ:-ብር✅,O
✖️ውስን,O
ፍሬ,O
ነው,O
ያለን,O
አድራሻ,O
ቁ.,O
መገናኛ,O
ታሜ,O
ጋስ,O
ህንፃ,O
ጎን,O
ስሪ,O
ኤም,O
ሲቲ,O
ሞል,O
ሁለተኛ,O
ፎቅ,O
ቢሮ,O
ቁ.,O
-(ከ,O
ሊፍቱ,O
ፊት,O
ለ,O
ፊት),O
ቁ.,O
ለቡ,O
መዳህኒዓለም,O
ቤተ/ክርስቲያን,O
ፊት,O
ለፊት,O
ኛ,O
ፎቅ,O
ቢሮ,O
ቁጥር.,O
በ,O
ለማዘዝ,O
⤵️,O
ይጠቀሙ,O
ለተጨማሪ,O
ማብራሪያ,O
የቴሌግራም,O
ገፃችን⤵️,O
®️,O
ውፍራም,O
ቲክነስ,O
ያለው,O
አንደኛው,O
⚡️ቆራርጠን,O
መጠቀም,O
የምንችለዉ,O
⚡️በ,O
ሁለቱም,O
ጎን,O
አጣብቆ,O
መያዝ,O
የሚችል,O
⚡️ታጥቦ,O
እንደገና,O
ጥቅም,O
ላይ,O
ሊውል,O
የሚችል,O
⚡️ለስራ,O
ቦታ,O
፣ለኪችንዎ...,O
ተመራጭ,O
:,O
",",O
&,O
",",O
-,O
-,O
ዋጋ፦,O
ሜትር,O
ብር,O
ውስን,O
ፍሬ,O
ነው,O
ያለን/,O
አድራሻ,O
ቁ.,O
መገናኛ,O
ታሜ,O
ጋስ,O
ህንፃ,O
ጎን,O
ስሪ,O
ኤም,O
ሲቲ,O
ሞል,O
ሁለተኛ,O
ፎቅ,O
ቢሮ,O
ቁ.,O
-(ከ,O
ሊፍቱ,O
ፊት,O
ለ,O
ፊት),O
ቁ.,O
ለቡ,O
መዳህኒዓለም,O
ቤተ/ክርስቲያን,O
ፊት,O
ለፊት,O
ኛ,O
ፎቅ,O
ቢሮ,O
ቁጥር.,O
ለቡ,O
ቅርንጫፍ,O
በ,O
ለማዘዝ,O
⤵️,O
ይጠቀሙ,O
ለተጨማሪ,O
ማብራሪያ,O
የቴሌግራም,O
ገፃችን⤵️,O
®️,O
ውፍራም,O
ቲክነስ,O
ያለው,O
አንደኛው,O
⚡️ቆራርጠን,O
መጠቀም,O
የምንችለዉ,O
⚡️በ,O
ሁለቱም,O
ጎን,O
አጣብቆ,O
መያዝ,O
የሚችል,O
⚡️ታጥቦ,O
እንደገና,O
ጥቅም,O
ላይ,O
ሊውል,O
የሚችል,O
⚡️ለስራ,O
ቦታ,O
፣ለኪችንዎ...,O
ተመራጭ,O
:,O
",",O
&,O
",",O
-,O
-,O
ዋጋ፦,O
ሜትር,O
ብር,O
ውስን,O
ፍሬ,O
ነው,O
ያለን/,O
አድራሻ,O
መገናኛ,O
ታሜ,O
ጋስ,O
ህንፃ,O
ጎን,O
ስሪ,O
ኤም,O
ሲቲ,O
ሞል,O
ሁለተኛ,O
ፎቅ,O
ቢሮ,O
ቁ.,O
-(ከ,O
ሊፍቱ,O
ፊት,O
ለ,O
ፊት),O
በ,O
ለማዘዝ,O
⤵️,O
ይጠቀሙ,O
ለተጨማሪ,O
ማብራሪያ,O
የቴሌግራም,O
ገፃችን⤵️,O
ከፍተኛ,O
ሙቀት,O
የሚችል,O
ሴራሚክ,O
የላዛኛ,O
መስሪያ,O
እንዲሁም,O
ማቅረቢያ,O
:-,O
ኦቭን,O
ውስጥ,O
መገባት,O
እሚችል,O
ዋጋ:-,O
ብር✅,O
✖️ውስን,O
ፍሬ,O
ነው,O
ያለን,O
አድራሻ,O
ቁ.,O
መገናኛ,O
ታሜ,O
ጋስ,O
ህንፃ,O
ጎን,O
ስሪ,O
ኤም,O
ሲቲ,O
ሞል,O
ሁለተኛ,O
ፎቅ,O
ቢሮ,O
ቁ.,O
-(ከ,O
ሊፍቱ,O
ፊት,O
ለ,O
ፊት),O
ቁ.,O
ለቡ,O
መዳህኒዓለም,O
ቤተ/ክርስቲያን,O
ፊት,O
ለፊት,O
ኛ,O
ፎቅ,O
ቢሮ,O
ቁጥር.,O
በ,O
ለማዘዝ,O
⤵️,O
ይጠቀሙ,O
ለተጨማሪ,O
ማብራሪያ,O
የቴሌግራም,O
ገፃችን⤵️,O
በኤሌክትሪክ,O
የሚሰራ,O
ለቤት,O
መልካም,O
መዓዛን,O
የሚሰጥ,O
&,O
:,O
",",O
",",O
.,O
ዋጋ፦,O
",",O
ብር,O
አድራሻ,O
ቁ.,O
መገናኛ,O
ስሪ,O
ኤም,O
ሲቲ,O
ሞል,O
ሁለተኛ,O
ፎቅ,O
ቢሮ,O
ቁ.,O
-(ከ,O
ሊፍቱ,O
ፊት,O
ለ,O
ፊት),O
ቁ.,O
ለቡ,O
መዳህኒዓለም,O
ቤተ/ክርስቲያን,O
ፊት,O
ለፊት,O
ኛ,O
ፎቅ,O
ቢሮ,O
ቁጥር.,O
ለቡ,O
ቅርንጫፍ,O
በ,O
ለማዘዝ,O
⤵️,O
ይጠቀሙ,O
ለተጨማሪ,O
ማብራሪያ,O
የቴሌግራም,O
ገፃችን⤵️,O
በኤሌክትሪክ,O
የሚሰራ,O
ለቤት,O
መልካም,O
መዓዛን,O
የሚሰጥ,O
&,O
:,O
",",O
",",O
.,O
ዋጋ፦,O
",",O
ብር,O
አድራሻ,O
ቁ.,O
መገናኛ,O
ስሪ,O
ኤም,O
ሲቲ,O
ሞል,O
ሁለተኛ,O
ፎቅ,O
ቢሮ,O
ቁ.,O
-(ከ,O
ሊፍቱ,O
ፊት,O
ለ,O
ፊት),O
ቁ.,O
ለቡ,O
መዳህኒዓለም,O
ቤተ/ክርስቲያን,O
ፊት,O
ለፊት,O
ኛ,O
ፎቅ,O
ቢሮ,O
ቁጥር.,O
ለቡ,O
ቅርንጫፍ,O
በ,O
ለማዘዝ,O
⤵️,O
ይጠቀሙ,O
ለተጨማሪ,O
ማብራሪያ,O
የቴሌግራም,O
ገፃችን⤵️,O
⚡️በውስጡ,O
ሶስተት,O
የተለያየ,O
መጠን,O
ያላቸው,O
የምሳ,O
ዕቃወች,O
የያዘ,O
⚡️️,O
⚡️,O
⚡️ምግብዎን,O
ሳያቀዘቅዝ,O
እንደሞቀ,O
ሚያቆይ,O
በቢሮዎ,O
ውስጥ,O
ለልጆች,O
ትምህርት,O
ቤት,O
ዋጋ:-ብር✅,O
✖️ውስን,O
ፍሬ,O
ነው,O
ያለን,O
አድራሻ,O
ቁ.,O
መገናኛ,O
ስሪ,O
ኤም,O
ሲቲ,O
ሞል,O
ሁለተኛ,O
ፎቅ,O
ቢሮ,O
ቁ.,O
-(ከ,O
ሊፍቱ,O
ፊት,O
ለ,O
ፊት),O
ቁ.,O
ለቡ,O
መዳህኒዓለም,O
ቤተ/ክርስቲያን,O
ፊት,O
ለፊት,O
ኛ,O
ፎቅ,O
ቢሮ,O
ቁጥር.,O
ለቡ,O
ቅርንጫፍ,O
በ,O
ለማዘዝ,O
⤵️,O
ይጠቀሙ,O
ለተጨማሪ,O
ማብራሪያ,O
የቴሌግራም,O
ገፃችን⤵️,O
⚡️በውስጡ,O
ሶስተት,O
የተለያየ,O
መጠን,O
ያላቸው,O
የምሳ,O
ዕቃወች,O
የያዘ,O
⚡️️,O
⚡️,O
⚡️ምግብዎን,O
ሳያቀዘቅዝ,O
እንደሞቀ,O
ሚያቆይ,O
በቢሮዎ,O
ውስጥ,O
ለልጆች,O
ትምህርት,O
ቤት,O
ዋጋ:-ብር✅,O
✖️ውስን,O
ፍሬ,O
ነው,O
ያለን,O
አድራሻ,O
ቁ.,O
መገናኛ,O
ስሪ,O
ኤም,O
ሲቲ,O
ሞል,O
ሁለተኛ,O
ፎቅ,O
ቢሮ,O
ቁ.,O
-(ከ,O
ሊፍቱ,O
ፊት,O
ለ,O
ፊት),O
ቁ.,O
ለቡ,O
መዳህኒዓለም,O
ቤተ/ክርስቲያን,O
ፊት,O
ለፊት,O
ኛ,O
ፎቅ,O
ቢሮ,O
ቁጥር.,O
ለቡ,O
ቅርንጫፍ,O
በ,O
ለማዘዝ,O
⤵️,O
ይጠቀሙ,O
ለተጨማሪ,O
ማብራሪያ,O
የቴሌግራም,O
ገፃችን⤵️,O
⚡️በውስጡ,O
ሶስተት,O
የተለያየ,O
መጠን,O
ያላቸው,O
የምሳ,O
ዕቃወች,O
የያዘ,O
⚡️️,O
⚡️,O
⚡️ምግብዎን,O
ሳያቀዘቅዝ,O
እንደሞቀ,O
ሚያቆይ,O
በቢሮዎ,O
ውስጥ,O
ለልጆች,O
ትምህርት,O
ቤት,O
ዋጋ:-ብር✅,O
✖️ውስን,O
ፍሬ,O
ነው,O
ያለን,O
አድራሻ,O
ቁ.,O
መገናኛ,O
ስሪ,O
ኤም,O
ሲቲ,O
ሞል,O
ሁለተኛ,O
ፎቅ,O
ቢሮ,O
ቁ.,O
-(ከ,O
ሊፍቱ,O
ፊት,O
ለ,O
ፊት),O
ቁ.,O
ለቡ,O
መዳህኒዓለም,O
ቤተ/ክርስቲያን,O
ፊት,O
ለፊት,O
ኛ,O
ፎቅ,O
ቢሮ,O
ቁጥር.,O
ለቡ,O
ቅርንጫፍ,O
በ,O
ለማዘዝ,O
⤵️,O
ይጠቀሙ,O
ለተጨማሪ,O
ማብራሪያ,O
የቴሌግራም,O
ገፃችን⤵️,O
⭐️እንኳን,O
ለመውሊድ,O
በዓል,O
በሰላም,O
አደረሰዎ,O
መልካም,O
በዓል,O
ውድ,O
ደንበኞቻችን,O
ሱቃችን,O
ዛሬ,O
እሁድ,O
ከ:-:,O
ስዓት,O
ክፍት,O
መሆኑን,O
በአክብሮት,O
እንገልፃልን።,O
ዘዉትር,O
ሰኞ-ቅዳሜ,O
ከጥዋቱ,O
:,O
እስከ,O
ምሽቱ,O
:,O
ክፍት,O
መሆኑን,O
በአክብሮት,O
እንገልፃለን,O
አድራሻ,O
መገናኛ,O
ስሪ,O
ኤም,O
ሲቲ,O
ሞል,O
ሁለተኛ,O
ፎቅ,O
ቢሮ,O
ቁ.,O
-(ከ,O
ሊፍቱ,O
ፊት,O
ለ,O
ፊት),O
በ,O
ለማዘዝ,O
⤵️,O
ይጠቀሙ,O
ለተጨማሪ,O
ማብራሪያ,O
የቴሌግራም,O
ገፃችን⤵️,O
✨በተለያዩ,O
መዓዛዎች,O
ዋጋ:-,O
ፍሬ,O
-ብር,O
❌ውስን,O
ፍሬ,O
ነው,O
ያለው,O
አድራሻ,O
ቁ.,O
መገናኛ,O
ስሪ,O
ኤም,O
ሲቲ,O
ሞል,O
ሁለተኛ,O
ፎቅ,O
ቢሮ,O
ቁ.,O
-(ከ,O
ሊፍቱ,O
ፊት,O
ለ,O
ፊት),O
ቁ.,O
ለቡ,O
መዳህኒዓለም,O
ቤተ/ክርስቲያን,O
ፊት,O
ለፊት,O
ኛ,O
ፎቅ,O
ቢሮ,O
ቁጥር.,O
በ,O
ለማዘዝ,O
⤵️,O
ይጠቀሙ,O
ለተጨማሪ,O
ማብራሪያ,O
የቴሌግራም,O
ገፃችን⤵️,O
የቤትውን,O
ውበት,O
አንድ,O
ደረጃ,O
ከፍ,O
የሚያደርግ,O
ውሀ,O
የማያስገባ,O
ቅባት,O
ዘይት,O
ነገሮች,O
እሳት,O
እና,O
ተቀጣጣይ,O
ነገሮችን,O
የሚቋቋም,O
⚡️ለኪችን,O
ካቢኔት,O
⚡️ለኪችንዎ,O
ግርግዳ,O
⚡️,O
ለባኞ,O
ቤት,O
ግድግዳ,O
⚡️ለቤትዎ,O
ማስዋቢያ,O
⚡️:-,O
⚡️በ,O
የቀለም,O
አማራጭ,O
የቀረበ,O
ኪችንዎን,O
እና,O
ቤትዎን,O
ውብ,O
እና,O
ፅዱ,O
ለማድረግ,O
ተመራጭ,O
ዋጋ፦,O
×,O
=,O
ብር,O
✅,O
✖️ውስን,O
ፍሬ,O
ነው,O
ያለን,O
አድራሻ,O
ቁ.,O
መገናኛ,O
ታሜ,O
ጋስ,O
ህንፃ,O
ጎን,O
ስሪ,O
ኤም,O
ሲቲ,O
ሞል,O
ሁለተኛ,O
ፎቅ,O
ቢሮ,O
ቁ.,O
-(ከ,O
ሊፍቱ,O
ፊት,O
ለ,O
ፊት),O
ቁ.,O
ለቡ,O
መዳህኒዓለም,O
ቤተ/ክርስቲያን,O
ፊት,O
ለፊት,O
ኛ,O
ፎቅ,O
ቢሮ,O
ቁጥር.,O
በ,O
ለማዘዝ,O
⤵️,O
ይጠቀሙ,O
ለተጨማሪ,O
ማብራሪያ,O
የቴሌግራም,O
ገፃችን⤵️,O
የቤትውን,O
ውበት,O
አንድ,O
ደረጃ,O
ከፍ,O
የሚያደርግ,O
ውሀ,O
የማያስገባ,O
ቅባት,O
ዘይት,O
ነገሮች,O
እሳት,O
እና,O
ተቀጣጣይ,O
ነገሮችን,O
የሚቋቋም,O
⚡️ለኪችን,O
ካቢኔት,O
⚡️ለኪችንዎ,O
ግርግዳ,O
⚡️,O
ለባኞ,O
ቤት,O
ግድግዳ,O
⚡️ለቤትዎ,O
ማስዋቢያ,O
⚡️:-,O
⚡️በ,O
አይነት,O
የቀለም,O
አማራጭ,O
የቀረበ,O
ኪችንዎን,O
እና,O
ቤትዎን,O
ውብ,O
እና,O
ፅዱ,O
ለማድረግ,O
ተመራጭ,O
ዋጋ፦,O
×,O
=,O
ብር,O
✅,O
✖️ውስን,O
ፍሬ,O
ነው,O
ያለን,O
አድራሻ,O
ቁ.,O
መገናኛ,O
ታሜ,O
ጋስ,O
ህንፃ,O
ጎን,O
ስሪ,O
ኤም,O
ሲቲ,O
ሞል,O
ሁለተኛ,O
ፎቅ,O
ቢሮ,O
ቁ.,O
-(ከ,O
ሊፍቱ,O
ፊት,O
ለ,O
ፊት),O
ቁ.,O
ለቡ,O
መዳህኒዓለም,O
ቤተ/ክርስቲያን,O
ፊት,O
ለፊት,O
ኛ,O
ፎቅ,O
ቢሮ,O
ቁጥር.,O
በ,O
ለማዘዝ,O
⤵️,O
ይጠቀሙ,O
ለተጨማሪ,O
ማብራሪያ,O
የቴሌግራም,O
ገፃችን⤵️,O
ዋጋ:-ብር✅,O
❌ውስን,O
ፍሬ,O
ነው,O
ያለው,O
አድራሻ,O
ቁ.,O
መገናኛ,O
ስሪ,O
ኤም,O
ሲቲ,O
ሞል,O
ሁለተኛ,O
ፎቅ,O
ቢሮ,O
ቁ.,O
-(ከ,O
ሊፍቱ,O
ፊት,O
ለ,O
ፊት),O
ቁ.,O
ለቡ,O
መዳህኒዓለም,O
ቤተ/ክርስቲያን,O
ፊት,O
ለፊት,O
ኛ,O
ፎቅ,O
ቢሮ,O
ቁጥር.,O
በ,O
ለማዘዝ,O
⤵️,O
ይጠቀሙ,O
ለተጨማሪ,O
ማብራሪያ,O
የቴሌግራም,O
ገፃችን⤵️,O
የሆነውን,O
ምርጥ,O
የባለ,O
ሲኒ,O
ቡና,O
ማፍያ,O
⚡️ለቤት፣ለቢሮ,O
እጅግ,O
ተመራጭ,O
⚡️ሚሊ,O
የሚያፈላ,O
⚡️,O
ስኒ,O
ቡና,O
የሚይዝ,O
⚡️ለማፅዳት,O
ቀላል,O
⚡️ከአልሙኒየም,O
የተሰራ,O
⚡️,O
&,O
⚡️,O
⚡️,O
⚡️,O
⚡️,O
:,O
☄️:,O
☄️:,O
☄️:,O
☄️:,O
",",O
",",O
:,O
*,O
ዋጋ፦,O
✅,O
",",O
ብር,O
አድራሻ,O
ቁ.መገናኛ,O
ስሪ,O
ኤም,O
ሲቲ,O
ሞል,O
ሁለተኛ,O
ፎቅ,O
ቢሮ,O
ቁ.,O
-(ከ,O
ሊፍቱ,O
ፊት,O
ለ,O
ፊት),O
ቁ.,O
ለቡ,O
መዳህኒዓለም,O
ቤተ/ክርስቲያን,O
ፊት,O
ለፊት,O
ኛ,O
ፎቅ,O
ቢሮ,O
ቁጥር.,O
ለቡ,O
ቅርንጫፍ,O
በ,O
ለማዘዝ,O
⤵️,O
ይጠቀሙ,O
ለተጨማሪ,O
ማብራሪያ,O
የቴሌግራም,O
ገፃችን⤵️,O
የሆነውን,O
ምርጥ,O
የባለ,O
ሲኒ,O
ቡና,O
ማፍያ,O
⚡️ለቤት፣ለቢሮ,O
እጅግ,O
ተመራጭ,O
⚡️ሚሊ,O
የሚያፈላ,O
⚡️,O
ስኒ,O
ቡና,O
የሚይዝ,O
⚡️ለማፅዳት,O
ቀላል,O
⚡️ከአልሙኒየም,O
የተሰራ,O
⚡️,O
&,O
⚡️,O
⚡️,O
⚡️,O
⚡️,O
:,O
☄️:,O
☄️:,O
☄️:,O
☄️:,O
",",O
",",O
:,O
*,O
ዋጋ፦,O
✅,O
",",O
ብር,O
አድራሻ,O
ቁ.መገናኛ,O
ስሪ,O
ኤም,O
ሲቲ,O
ሞል,O
ሁለተኛ,O
ፎቅ,O
ቢሮ,O
ቁ.,O
-(ከ,O
ሊፍቱ,O
ፊት,O
ለ,O
ፊት),O
ቁ.,O
ለቡ,O
መዳህኒዓለም,O
ቤተ/ክርስቲያን,O
ፊት,O
ለፊት,O
ኛ,O
ፎቅ,O
ቢሮ,O
ቁጥር.,O
ለቡ,O
ቅርንጫፍ,O
በ,O
ለማዘዝ,O
⤵️,O
ይጠቀሙ,O
ለተጨማሪ,O
ማብራሪያ,O
የቴሌግራም,O
ገፃችን⤵️,O
የሆነውን,O
ምርጥ,O
የባለ,O
ሲኒ,O
ቡና,O
ማፍያ,O
⚡️ለቤት፣ለቢሮ,O
እጅግ,O
ተመራጭ,O
⚡️ሚሊ,O
የሚያፈላ,O
⚡️,O
ስኒ,O
ቡና,O
የሚይዝ,O
⚡️ለማፅዳት,O
ቀላል,O
⚡️ከአልሙኒየም,O
የተሰራ,O
⚡️,O
&,O
⚡️,O
⚡️,O
⚡️,O
⚡️,O
:,O
☄️:,O
☄️:,O
☄️:,O
☄️:,O
",",O
",",O
:,O
*,O
ዋጋ፦,O
✅,O
",",O
ብር,O
አድራሻ,O
ቁ.መገናኛ,O
ስሪ,O
ኤም,O
ሲቲ,O
ሞል,O
ሁለተኛ,O
ፎቅ,O
ቢሮ,O
ቁ.,O
-(ከ,O
ሊፍቱ,O
ፊት,O
ለ,O
ፊት),O
ቁ.,O
ለቡ,O
መዳህኒዓለም,O
ቤተ/ክርስቲያን,O
ፊት,O
ለፊት,O
ኛ,O
ፎቅ,O
ቢሮ,O
ቁጥር.,O
ለቡ,O
ቅርንጫፍ,O
በ,O
ለማዘዝ,O
⤵️,O
ይጠቀሙ,O
ለተጨማሪ,O
ማብራሪያ,O
የቴሌግራም,O
ገፃችን⤵️,O
ዉድ,O
ደንበኞቻችን,O
እንኳን,O
ለ,O
ዓ.ም,O
በሰላም,O
አደረሳችሁ/አደረሰን!!,O
አዲሱ,O
ዓመት,O
የሰላም፣,O
የፍቅር፣,O
የጤና፣,O
የስኬት፣,O
የመልካም,O
ስራ,O
ዘመን፣,O
የጦርነት,O
ወሬ,O
የማንሰማበት፣,O
ዓመት,O
እንዲሆን,O
ከልብ,O
እንመኛለን።,O
መልካም,O
ዓመት,O
በዓል,O
አድራሻ,O
ቁ.,O
መገናኛ,O
ስሪ,O
ኤም,O
ሲቲ,O
ሞል,O
ሁለተኛ,O
ፎቅ,O
ቢሮ,O
ቁ.,O
-(ከ,O
ሊፍቱ,O
ፊት,O
ለ,O
ፊት),O
ቁ.,O
ለቡ,O
መዳህኒዓለም,O
ቤተ/ክርስቲያን,O
ፊት,O
ለፊት,O
ኛ,O
ፎቅ,O
ቢሮ,O
ቁጥር.,O
በ,O
ለማዘዝ,O
⤵️,O
ይጠቀሙ,O
ለተጨማሪ,O
ማብራሪያ,O
የቴሌግራም,O
ገፃችን⤵️,O
ውስን,O
ፍሬ,O
የቀሩን,O
ዕቃዎች,O
.................,O
✨ፈጥነው,O
ይሸምቱ,O
ከልዩ,O
የብዓል,O
ስጦታዎች,O
ጋር,O
እንጠብቀዎታለን።,O
መልካም,O
የዋዜማ,O
ግብይት,O
አድራሻ,O
ቁ.,O
መገናኛ,O
ከ,O
ዘፍ,O
መሽ,O
ግራንድ,O
ሞል,O
ወረድ,O
ብለዉ,O
ፊት,O
ለ,O
ፊት,O
ስሪ,O
ኤም,O
ሲቲ,O
ሞል,O
ሁለተኛ,O
ፎቅ,O
ቢሮ,O
ቁ.,O
-(ከ,O
ሊፍቱ,O
ፊት,O
ለ,O
ፊት),O
ቁ.,O
ለቡ,O
መዳህኒዓለም,O
ቤተ/ክርስቲያን,O
ፊት,O
ለፊት,O
ኛ,O
ፎቅ,O
ቢሮ,O
ቁጥር.,O
ለቡ,O
ቅርንጫፍ,O
በ,O
ለማዘዝ,O
⤵️,O
ይጠቀሙ,O
ለተጨማሪ,O
ማብራሪያ,O
የቴሌግራም,O
ገፃችን⤵️,O
በጣም,O
ስል,O
ቢላዎች,O
የቢላ,O
ስብስብ,O
መከትከቻ፣,O
መቀስ፣,O
ካሮት,O
መላጪያ፣,O
ፒዛ,O
መቁረጪያ፣,O
ሞረድ,O
እና,O
ሌሎች,O
የተለያዪ,O
የቢላ,O
አይነቶች,O
የተካተተለት,O
በግራናይት,O
የተለበጡ,O
ስለሆኑ,O
ቶሎ,O
አይደንዙም,O
አይዝጉም,O
ዋጋ፦,O
ብር✅,O
♦️ውስን,O
ፍሬ,O
ነው,O
ያለው,O
አድራሻ,O
ቁ.,O
መገናኛ,O
ስሪ,O
ኤም,O
ሲቲ,O
ሞል,O
ሁለተኛ,O
ፎቅ,O
ቢሮ,O
ቁ.,O
-(ከ,O
ሊፍቱ,O
ፊት,O
ለ,O
ፊት),O
ቁ.,O
ለቡ,O
መዳህኒዓለም,O
ቤተ/ክርስቲያን,O
ፊት,O
ለፊት,O
ኛ,O
ፎቅ,O
ቢሮ,O
ቁጥር.,O
በ,O
ለማዘዝ,O
⤵️,O
ይጠቀሙ,O
ለተጨማሪ,O
ማብራሪያ,O
የቴሌግራም,O
ገፃችን⤵️,O
የቡና,O
እና,O
የቅመማ,O
ቅመም,O
መፍጫ,O
እጅግ,O
በጣም,O
ጠንካራ,O
ለደረቅ,O
ቅመማ,O
ቅመሞች,O
የሚሆን,O
ሙሉ,O
ለሙሉ,O
ብረት,O
(,O
),O
የራሱ,O
መለዋወጫ,O
ጥርስ,O
ያለው,O
ዋጋ፦,O
ግ,O
",",O
ብር,O
ግ,O
",",O
ብር,O
ግ,O
",",O
ብር,O
ግ,O
",",O
ብር,O
አድራሻ,O
ቁ.,O
መገናኛ,O
ስሪ,O
ኤም,O
ሲቲ,O
ሞል,O
ሁለተኛ,O
ፎቅ,O
ቢሮ,O
ቁ.,O
-(ከ,O
ሊፍቱ,O
ፊት,O
ለ,O
ፊት),O
ቁ.,O
ለቡ,O
መዳህኒዓለም,O
ቤተ/ክርስቲያን,O
ፊት,O
ለፊት,O
ኛ,O
ፎቅ,O
ቢሮ,O
ቁጥር.,O
ለቡ,O
ቅርንጫፍ,O
በ,O
ለማዘዝ,O
⤵️,O
ይጠቀሙ,O
ለተጨማሪ,O
ማብራሪያ,O
የቴሌግራም,O
ገፃችን⤵️,O
®,O
✨️⃣️⃣,O
✨°,O
_,O
°,O
✨,O
✨,O
✨,O
/,O
ዋጋ፦,O
",ብር",O
♦️ውስን,O
ፍሬ,O
ነው,O
ያለው,O
አድራሻ,O
ቁ.,O
መገናኛ,O
ስሪ,O
ኤም,O
ሲቲ,O
ሞል,O
ሁለተኛ,O
ፎቅ,O
ቢሮ,O
ቁ.,O
-(ከ,O
ሊፍቱ,O
ፊት,O
ለ,O
ፊት),O
ቁ.,O
ለቡ,O
መዳህኒዓለም,O
ቤተ/ክርስቲያን,O
ፊት,O
ለፊት,O
ኛ,O
ፎቅ,O
ቢሮ,O
ቁጥር.,O
ለቡ,O
ቅርንጫፍ,O
በ,O
ለማዘዝ,O
⤵️,O
ይጠቀሙ,O
ለተጨማሪ,O
ማብራሪያ,O
የቴሌግራም,O
ገፃችን⤵️,O
',O
በተለያየ,O
መጠን,O
".,",O
",",O
ዋጋ:-ብር✅,O
❌ውስን,O
ፍሬ,O
ነው,O
ያለው,O
አድራሻ,O
ቁ.,O
መገናኛ,O
ስሪ,O
ኤም,O
ሲቲ,O
ሞል,O
ሁለተኛ,O
ፎቅ,O
ቢሮ,O
ቁ.,O
-(ከ,O
ሊፍቱ,O
ፊት,O
ለ,O
ፊት),O
ቁ.,O
ለቡ,O
መዳህኒዓለም,O
ቤተ/ክርስቲያን,O
ፊት,O
ለፊት,O
ኛ,O
ፎቅ,O
ቢሮ,O
ቁጥር.,O
በ,O
ለማዘዝ,O
⤵️,O
ይጠቀሙ,O
ለተጨማሪ,O
ማብራሪያ,O
የቴሌግራም,O
ገፃችን⤵️,O
®,O
ባለ,O
ክዳን,O
መጥበሻ,O
የማይዝ,O
በተለያየ,O
የስፋት,O
አማራጭ,O
ዋጋ:-,O
ብር,O
ብር,O
ብር,O
አድራሻ,O
ቁ,O
መገናኛ,O
ስሪ,O
ኤም,O
ሲቲ,O
ሞል,O
ሁለተኛ,O
ፎቅ,O
ቢሮ,O
ቁ.,O
-(ከ,O
ሊፍቱ,O
ፊት,O
ለ,O
ፊት),O
ቁ.,O
ለቡ,O
መዳህኒዓለም,O
ቤተ/ክርስቲያን,O
ፊት,O
ለፊት,O
ኛ,O
ፎቅ,O
ቢሮ,O
ቁጥር.,O
ለቡ,O
ቅርንጫፍ,O
በ,O
ለማዘዝ,O
⤵️,O
ይጠቀሙ,O
ለተጨማሪ,O
ማብራሪያ,O
የቴሌግራም,O
ገፃችን⤵️,O
-,O
✔️,O
✔️,O
✔️,O
✔️,O
:,O
ዋጋ፦,O
✅,O
ብር,O
❌ውስን,O
ፍሬ,O
ነው,O
ያለው,O
አድራሻ,O
ቁ.,O
መገናኛ,O
ስሪ,O
ኤም,O
ሲቲ,O
ሞል,O
ሁለተኛ,O
ፎቅ,O
ቢሮ,O
ቁ.,O
-(ከ,O
ሊፍቱ,O
ፊት,O
ለ,O
ፊት),O
ቁ.,O
ለቡ,O
መዳህኒዓለም,O
ቤተ/ክርስቲያን,O
ፊት,O
ለፊት,O
ኛ,O
ፎቅ,O
ቢሮ,O
ቁጥር.,O
ለቡ,O
ቅርንጫፍ,O
በ,O
ለማዘዝ,O
⤵️,O
ይጠቀሙ,O
ለተጨማሪ,O
ማብራሪያ,O
የቴሌግራም,O
ገፃችን⤵️,O
-,O
✔️,O
✔️,O
✔️,O
✔️,O
:,O
ዋጋ፦,O
✅,O
ብር,O
አድራሻ,O
ቁ.,O
መገናኛ,O
ስሪ,O
ኤም,O
ሲቲ,O
ሞል,O
ሁለተኛ,O
ፎቅ,O
ቢሮ,O
ቁ.,O
-(ከ,O
ሊፍቱ,O
ፊት,O
ለ,O
ፊት),O
ቁ.,O
ለቡ,O
መዳህኒዓለም,O
ቤተ/ክርስቲያን,O
ፊት,O
ለፊት,O
ኛ,O
ፎቅ,O
ቢሮ,O
ቁጥር.,O
ለቡ,O
ቅርንጫፍ,O
በ,O
ለማዘዝ,O
⤵️,O
ይጠቀሙ,O
ለተጨማሪ,O
ማብራሪያ,O
የቴሌግራም,O
ገፃችን⤵️,O
⚡️,O
°,O
⚡️,O
⚡️,O
⚡️,O
⚡️,O
+,O
⚡️,O
+,O
⚡️,O
⚡️,O
ዋጋ፦,O
",ብር✅",O
❌ውስን,O
ፍሬ,O
ነው,O
ያለው,O
አድራሻ,O
ቁ.,O
መገናኛ,O
ስሪ,O
ኤም,O
ሲቲ,O
ሞል,O
ሁለተኛ,O
ፎቅ,O
ቢሮ,O
ቁ.,O
-(ከ,O
ሊፍቱ,O
ፊት,O
ለ,O
ፊት),O
ቁ.,O
ለቡ,O
መዳህኒዓለም,O
ቤተ/ክርስቲያን,O
ፊት,O
ለፊት,O
ኛ,O
ፎቅ,O
ቢሮ,O
ቁጥር.,O
በ,O
ለማዘዝ,O
⤵️,O
ይጠቀሙ,O
ለተጨማሪ,O
ማብራሪያ,O
የቴሌግራም,O
ገፃችን⤵️,O
⚡️,O
°,O
⚡️,O
⚡️,O
⚡️,O
⚡️,O
+,O
⚡️,O
+,O
⚡️,O
⚡️,O
ዋጋ፦,O
",",O
ብር,O
አድራሻ,O
ቁ.,O
መገናኛ,O
ስሪ,O
ኤም,O
ሲቲ,O
ሞል,O
ሁለተኛ,O
ፎቅ,O
ቢሮ,O
ቁ.,O
-(ከ,O
ሊፍቱ,O
ፊት,O
ለ,O
ፊት),O
ቁ.,O
ለቡ,O
መዳህኒዓለም,O
ቤተ/ክርስቲያን,O
ፊት,O
ለፊት,O
ኛ,O
ፎቅ,O
ቢሮ,O
ቁጥር.,O
በ,O
ለማዘዝ,O
⤵️,O
ይጠቀሙ,O
ለተጨማሪ,O
ማብራሪያ,O
የቴሌግራም,O
ገፃችን⤵️,O
የማይዙ,O
ማራኪ,O
ግራናይት,O
ቅብ,O
ድስቶች,O
ድስቶች,O
መጥበሻ,O
ከነ,O
ክዳናቸው,O
እንዲሁም,O
ሁለት,O
ጭልፋዎች,O
በአንድ,O
ላይ,O
ዋጋ፦,O
ብር✅,O
ውስን,O
ፍሬ,O
ነው,O
ያለን/,O
አድራሻ,O
ቁ.,O
መገናኛ,O
ስሪ,O
ኤም,O
ሲቲ,O
ሞል,O
ሁለተኛ,O
ፎቅ,O
ቢሮ,O
ቁ.,O
-(ከ,O
ሊፍቱ,O
ፊት,O
ለ,O
ፊት),O
ቁ.,O
ለቡ,O
መዳህኒዓለም,O
ቤተ/ክርስቲያን,O
ፊት,O
ለፊት,O
ኛ,O
ፎቅ,O
ቢሮ,O
ቁጥር.,O
ለቡ,O
ቅርንጫፍ,O
በ,O
ለማዘዝ,O
⤵️,O
ይጠቀሙ,O
ለተጨማሪ,O
ማብራሪያ,O
የቴሌግራም,O
ገፃችን⤵️,O
........................,O
በረፍት,O
ቀንዎ,O
ሱቅ,O
ላይ,O
መስተናገድ,O
ለምትፈልጉ,O
ውድ,O
ደንበኞቻችን,O
መልካም,O
የዋዜማ,O
ግብይት,O
✨,O
ነገ,O
ከ:-:,O
ድረስ,O
ክፍት,O
መሆኑን,O
በአክብሮት,O
እንገልፃለን,O
መገናኝ,O
ለቡ,O
ሱቃችን,O
መጥተው,O
መግዛት,O
ላልቻላችሁ,O
በዲሊቨሪ,O
እናደርሳለን።,O
እንዲሁም,O
ዘዉትር,O
ሰኞ-ቅዳሜ,O
ከጥዋቱ,O
:,O
እስከ,O
ምሽቱ,O
:,O
ክፍት,O
መሆኑን,O
በአክብሮት,O
እንገልፃለን,O
አድራሻ,O
መገናኛ,O
ስሪ,O
ኤም,O
ሲቲ,O
ሞል,O
ሁለተኛ,O
ፎቅ,O
ቢሮ,O
ቁ.,O
-(ከ,O
ሊፍቱ,O
ፊት,O
ለ,O
ፊት),O
ቁ.,O
ለቡ,O
መዳህኒዓለም,O
ቤተ/ክርስቲያን,O
ፊት,O
ለፊት,O
ኛ,O
ፎቅ,O
ቢሮ,O
ቁጥር.,O
ለቡ,O
ቅርንጫፍ,O
በ,O
ለማዘዝ,O
⤵️,O
ይጠቀሙ,O
ለተጨማሪ,O
ማብራሪያ,O
የቴሌግራም,O
ገፃችን⤵️,O
⚡️,O
✨ባለ,O
ተከፋች,O
ዘመናዊ,O
የልብስ,O
ማስቀመጫ,O
ቁምሳጥን,O
➡️በቀላሉ,O
የሚገጣጠም,O
የሚነቃቀል,O
➡️ከቦታ,O
ወደ,O
ቦታ,O
ለማንቀሳቀስ,O
የሚመች,O
➡️ቀላል,O
ክብደት,O
ያለው,O
➡️ባለ,O
ዚፕ,O
የሸራ,O
ልብስ,O
ያለው,O
➡️ፍሬሞቹ,O
የብረት,O
ቱቦዎች,O
የሆኑ,O
➡️መገጣጠሚያዎቹ,O
ጠንካራ,O
ካርቦኔትድ,O
ፕላስቲኮች,O
የሆኑ,O
➡️ለቤትዎ,O
ውበት,O
የሚሠጥ,O
➡️ቦታ,O
የማይዝ,O
ሲሆን,O
*⃣ቁመት,O
ሳ.ሜ,O
*⃣የጎን,O
ስፋት,O
ሳ.ሜ,O
*⃣ወርድ,O
ሳ.ሜ,O
"ዋጋ፦,",O
ብር,O
አድራሻ,O
ቁ.,O
መገናኛ,O
ስሪ,O
ኤም,O
ሲቲ,O
ሞል,O
ሁለተኛ,O
ፎቅ,O
ቢሮ,O
ቁ.,O
-(ከ,O
ሊፍቱ,O
ፊት,O
ለ,O
ፊት),O
ቁ.,O
ለቡ,O
መዳህኒዓለም,O
ቤተ/ክርስቲያን,O
ፊት,O
ለፊት,O
ኛ,O
ፎቅ,O
ቢሮ,O
ቁጥር.,O
ለቡ,O
ቅርንጫፍ,O
በ,O
ለማዘዝ,O
⤵️,O
ይጠቀሙ,O
ለተጨማሪ,O
ማብራሪያ,O
የቴሌግራም,O
ገፃችን⤵️,O
የሴራሚክ,O
መጥበሻ,O
ዋጋ፦,O
ብር✅,O
ብር✅,O
ብር✅,O
ሶስቱን,O
በአንድ,O
ላይ,O
-,O
ብር✅,O
♦️ውስን,O
ፍሬ,O
ነው,O
ያለው,O
አድራሻ,O
ቁ.,O
መገናኛ,O
ስሪ,O
ኤም,O
ሲቲ,O
ሞል,O
ሁለተኛ,O
ፎቅ,O
ቢሮ,O
ቁ.,O
-(ከ,O
ሊፍቱ,O
ፊት,O
ለ,O
ፊት),O
ቁ.,O
ለቡ,O
መዳህኒዓለም,O
ቤተ/ክርስቲያን,O
ፊት,O
ለፊት,O
ኛ,O
ፎቅ,O
ቢሮ,O
ቁጥር.,O
ለቡ,O
ቅርንጫፍ,O
በ,O
ለማዘዝ,O
⤵️,O
ይጠቀሙ,O
ለተጨማሪ,O
ማብራሪያ,O
የቴሌግራም,O
ገፃችን⤵️,O
የሴራሚክ,O
መጥበሻ,O
ዋጋ፦,O
ብር✅,O
ብር✅,O
ብር✅,O
ሶስቱን,O
በአንድ,O
ላይ,O
-,O
ብር✅,O
♦️ውስን,O
ፍሬ,O
ነው,O
ያለው,O
አድራሻ,O
ቁ.,O
መገናኛ,O
ስሪ,O
ኤም,O
ሲቲ,O
ሞል,O
ሁለተኛ,O
ፎቅ,O
ቢሮ,O
ቁ.,O
-(ከ,O
ሊፍቱ,O
ፊት,O
ለ,O
ፊት),O
ቁ.,O
ለቡ,O
መዳህኒዓለም,O
ቤተ/ክርስቲያን,O
ፊት,O
ለፊት,O
ኛ,O
ፎቅ,O
ቢሮ,O
ቁጥር.,O
ለቡ,O
ቅርንጫፍ,O
በ,O
ለማዘዝ,O
⤵️,O
ይጠቀሙ,O
ለተጨማሪ,O
ማብራሪያ,O
የቴሌግራም,O
ገፃችን⤵️,O
መልካም,O
በዓል,O
☀️,O
የእንቁላል,O
እና,O
ሊጥ,O
መምቻ,O
ለአጠቃቀም,O
በጣም,O
ምቹ,O
ፍጥነት,O
መቆጣጠሪያ,O
ያለው,O
ዋት,O
የሆነ,O
ለሊጥ,O
እና,O
እንቁላል,O
መምቻ,O
የሚሆን,O
ክሬም,O
መስርያ,O
የተፈጨ,O
ስጋ,O
ለማደባለቅ,O
የራሱ,O
መለዋወጫ,O
ያለው,O
ዋጋ፦,O
ብር,O
አድራሻ,O
ቁ.,O
መገናኛ,O
ስሪ,O
ኤም,O
ሲቲ,O
ሞል,O
ሁለተኛ,O
ፎቅ,O
ቢሮ,O
ቁ.,O
-,O
(ከ,O
ሊፍቱ,O
ፊት,O
ለ,O
ፊት),O
ቁ.,O
ለቡ,O
መዳህኒዓለም,O
ቤተ/ክርስቲያን,O
ፊት,O
ለፊት,O
ኛ,O
ፎቅ,O
ቢሮ,O
ቁጥር.,O
ለቡ,O
ቅርንጫፍ,O
በ,O
ለማዘዝ,O
⤵️,O
ይጠቀሙ,O
ለተጨማሪ,O
ማብራሪያ,O
የቴሌግራም,O
ገፃችን⤵️,O
መልካም,O
በዓል,O
በተጨማሪም,O
የልጆች,O
ምግብ,O
ለማዘገጀት,O
የሚረዳን,O
ዋጋ፦,O
ብር,O
♦️ውስን,O
ፍሬ,O
ነው,O
ያለው,O
አድራሻ,O
ቁ.,O
መገናኛ,O
ስሪ,O
ኤም,O
ሲቲ,O
ሞል,O
ሁለተኛ,O
ፎቅ,O
ቢሮ,O
ቁ.,O
-(ከ,O
ሊፍቱ,O
ፊት,O
ለ,O
ፊት),O
ቁ.,O
ለቡ,O
መዳህኒዓለም,O
ቤተ/ክርስቲያን,O
ፊት,O
ለፊት,O
ኛ,O
ፎቅ,O
ቢሮ,O
ቁጥር.,O
ለቡ,O
ቅርንጫፍ,O
በ,O
ለማዘዝ,O
⤵️,O
ይጠቀሙ,O
ለተጨማሪ,O
ማብራሪያ,O
የቴሌግራም,O
ገፃችን⤵️,O
መልካም,O
በዓል,O
በተጨማሪም,O
የልጆች,O
ምግብ,O
ለማዘገጀት,O
የሚረዳን,O
ዋጋ፦,O
ብር,O
♦️ውስን,O
ፍሬ,O
ነው,O
ያለው,O
አድራሻ,O
ቁ.,O
መገናኛ,O
ስሪ,O
ኤም,O
ሲቲ,O
ሞል,O
ሁለተኛ,O
ፎቅ,O
ቢሮ,O
ቁ.,O
-(ከ,O
ሊፍቱ,O
ፊት,O
ለ,O
ፊት),O
ቁ.,O
ለቡ,O
መዳህኒዓለም,O
ቤተ/ክርስቲያን,O
ፊት,O
ለፊት,O
ኛ,O
ፎቅ,O
ቢሮ,O
ቁጥር.,O
ለቡ,O
ቅርንጫፍ,O
በ,O
ለማዘዝ,O
⤵️,O
ይጠቀሙ,O
ለተጨማሪ,O
ማብራሪያ,O
የቴሌግራም,O
ገፃችን⤵️,O
መልካም,O
በዓል,O
ዋጋ፦,O
ብር✅,O
♦️ውስን,O
ፍሬ,O
ነው,O
ያለው,O
አድራሻ,O
ቁ.,O
መገናኛ,O
ስሪ,O
ኤም,O
ሲቲ,O
ሞል,O
ሁለተኛ,O
ፎቅ,O
ቢሮ,O
ቁ.,O
-(ከ,O
ሊፍቱ,O
ፊት,O
ለ,O
ፊት),O
ቁ.,O
ለቡ,O
መዳህኒዓለም,O
ቤተ/ክርስቲያን,O
ፊት,O
ለፊት,O
ኛ,O
ፎቅ,O
ቢሮ,O
ቁጥር.,O
ለቡ,O
ቅርንጫፍ,O
በ,O
ለማዘዝ,O
⤵️,O
ይጠቀሙ,O
ለተጨማሪ,O
ማብራሪያ,O
የቴሌግራም,O
ገፃችን⤵️,O
መልካም,O
በዓል,O
".""",O
",",O
",",O
.,O
ዋጋ:-ብር✅,O
❌ውስን,O
ፍሬ,O
ነው,O
ያለው,O
አድራሻ,O
ቁ.,O
መገናኛ,O
ስሪ,O
ኤም,O
ሲቲ,O
ሞል,O
ሁለተኛ,O
ፎቅ,O
ቢሮ,O
ቁ.,O
-(ከ,O
ሊፍቱ,O
ፊት,O
ለ,O
ፊት),O
ቁ.,O
ለቡ,O
መዳህኒዓለም,O
ቤተ/ክርስቲያን,O
ፊት,O
ለፊት,O
ኛ,O
ፎቅ,O
ቢሮ,O
ቁጥር.,O
ለቡ,O
ቅርንጫፍ,O
በ,O
ለማዘዝ,O
⤵️,O
ይጠቀሙ,O
ለተጨማሪ,O
ማብራሪያ,O
የቴሌግራም,O
ገፃችን⤵️,O
ከፍተኛ,O
ሙቀት,O
ከሚቋቋም,O
ሲልከን,O
የተሰሩ,O
ኪችንዎን,O
ሙሉ,O
የሚያደርጉ,O
የማይጫጫሩ,O
የማይመነችኩ,O
ማማሰያና,O
ጭልፋዎች,O
በሴራሚክ,O
የተለበጡ,O
ቢላዎች,O
አንድ,O
የዳቦ,O
መቁረጫ,O
መጋዝ,O
ቢላ,O
አንድ,O
መቀስ,O
አንድ,O
የማይጫጫር,O
ጠንካራ,O
መክተፊያ,O
ከማስቀመጫቸው,O
ጋር,O
ዋጋ፦,O
ብር✅,O
❌ውስን,O
ፍሬ,O
ነው,O
ያለው,O
አድራሻ,O
ቁ.,O
መገናኛ,O
ስሪ,O
ኤም,O
ሲቲ,O
ሞል,O
ሁለተኛ,O
ፎቅ,O
ቢሮ,O
ቁ.,O
-(ከ,O
ሊፍቱ,O
ፊት,O
ለ,O
ፊት),O
ቁ.,O
ለቡ,O
መዳህኒዓለም,O
ቤተ/ክርስቲያን,O
ፊት,O
ለፊት,O
ኛ,O
ፎቅ,O
ቢሮ,O
ቁጥር.,O
ለቡ,O
ቅርንጫፍ,O
በ,O
ለማዘዝ,O
⤵️,O
ይጠቀሙ,O
ለተጨማሪ,O
ማብራሪያ,O
የቴሌግራም,O
ገፃችን⤵️,O
የገበታ,O
ምንጣፍ,O
ስፋት,O
ያላቸው,O
ምንጣፎች,O
አንድ,O
ረጅም,O
ስፋት,O
ያለው,O
የመሀል,O
ምንጣፍ,O
ቆሻሻ,O
የማይዝ,O
በቀላሉ,O
የሚታጠብ,O
ዋጋ፦ብር❌,O
ብር✅,O
አድራሻ,O
ቁ.,O
መገናኛ,O
ስሪ,O
ኤም,O
ሲቲ,O
ሞል,O
ሁለተኛ,O
ፎቅ,O
ቢሮ,O
ቁ.,O
-(ከ,O
ሊፍቱ,O
ፊት,O
ለ,O
ፊት),O
ቁ.,O
ለቡ,O
መዳህኒዓለም,O
ቤተ/ክርስቲያን,O
ፊት,O
ለፊት,O
ኛ,O
ፎቅ,O
ቢሮ,O
ቁጥር.,O
ለቡ,O
ቅርንጫፍ,O
በ,O
ለማዘዝ,O
⤵️,O
ይጠቀሙ,O
ለተጨማሪ,O
ማብራሪያ,O
የቴሌግራም,O
ገፃችን⤵️,O
የገበታ,O
ምንጣፍ,O
ስፋት,O
ያላቸው,O
ምንጣፎች,O
አንድ,O
ረጅም,O
ስፋት,O
ያለው,O
የመሀል,O
ምንጣፍ,O
ቆሻሻ,O
የማይዝ,O
በቀላሉ,O
የሚታጠብ,O
ዋጋ፦ብር❌,O
ብር✅,O
አድራሻ,O
ቁ.,O
መገናኛ,O
ስሪ,O
ኤም,O
ሲቲ,O
ሞል,O
ሁለተኛ,O
ፎቅ,O
ቢሮ,O
ቁ.,O
-(ከ,O
ሊፍቱ,O
ፊት,O
ለ,O
ፊት),O
ቁ.,O
ለቡ,O
መዳህኒዓለም,O
ቤተ/ክርስቲያን,O
ፊት,O
ለፊት,O
ኛ,O
ፎቅ,O
ቢሮ,O
ቁጥር.,O
ለቡ,O
ቅርንጫፍ,O
በ,O
ለማዘዝ,O
⤵️,O
ይጠቀሙ,O
ለተጨማሪ,O
ማብራሪያ,O
የቴሌግራም,O
ገፃችን⤵️,O
........................,O
:-,O
ዋጋ:-,O
ብር✅,O
ብር✅,O
መልካም,O
በዓል,O
❌ውስን,O
ፍሬ,O
ነው,O
ያለው,O
አድራሻ,O
ቁ.,O
መገናኛ,O
ስሪ,O
ኤም,O
ሲቲ,O
ሞል,O
ሁለተኛ,O
ፎቅ,O
ቢሮ,O
ቁ.,O
-(ከ,O
ሊፍቱ,O
ፊት,O
ለ,O
ፊት),O
ቁ.,O
ለቡ,O
መዳህኒዓለም,O
ቤተ/ክርስቲያን,O
ፊት,O
ለፊት,O
ኛ,O
ፎቅ,O
ቢሮ,O
ቁጥር.,O
ለቡ,O
ቅርንጫፍ,O
በ,O
ለማዘዝ,O
⤵️,O
ይጠቀሙ,O
ለተጨማሪ,O
ማብራሪያ,O
የቴሌግራም,O
ገፃችን⤵️,O
የእንጀራ,O
እና,O
ዳቦ,O
ማቅረቢያ,O
⚡️ትልቁ,O
⚡️ማራኪ,O
እና,O
በዉብ,O
ዲዛይን,O
⚡️ለቤትዎ,O
ተጨማሪ,O
ድምቀት,O
የሚሆን,O
⚡️ለራስዎ፣ለወዳጅ,O
ዘመድዎ,O
የሚያበረክቱት,O
አስተማማኝ,O
እቃ,O
ዋጋ:-ብር❌,O
ብር✅,O
አድራሻ,O
ቁ.,O
መገናኛ,O
ስሪ,O
ኤም,O
ሲቲ,O
ሞል,O
ሁለተኛ,O
ፎቅ,O
ቢሮ,O
ቁ.,O
-(ከ,O
ሊፍቱ,O
ፊት,O
ለ,O
ፊት),O
ቁ.,O
ለቡ,O
መዳህኒዓለም,O
ቤተ/ክርስቲያን,O
ፊት,O
ለፊት,O
ኛ,O
ፎቅ,O
ቢሮ,O
ቁጥር.,O
ለቡ,O
ቅርንጫፍ,O
በ,O
ለማዘዝ,O
⤵️,O
ይጠቀሙ,O
ለተጨማሪ,O
ማብራሪያ,O
የቴሌግራም,O
ገፃችን⤵️,O
........................,O
®,O
:-,O
⚡️,O
️,O
:-,O
⚡️,O
⚡️,O
⚡️,O
⚡️,O
⚡️,O
ዋጋ:-ብር✅,O
⚡️ውስን,O
ፍሬ,O
ነው,O
ያለው,O
አድራሻ,O
መገናኛ,O
ስሪ,O
ኤም,O
ሲቲ,O
ሞል,O
ሁለተኛ,O
ፎቅ,O
ቢሮ,O
ቁ.,O
-(ከ,O
ሊፍቱ,O
ፊት,O
ለ,O
ፊት),O
ቁ.,O
ለቡ,O
መዳህኒዓለም,O
ቤተ/ክርስቲያን,O
ፊት,O
ለፊት,O
ኛ,O
ፎቅ,O
ቢሮ,O
ቁጥር.,O
ለቡ,O
ቅርንጫፍ,O
በ,O
ለማዘዝ,O
⤵️,O
ይጠቀሙ,O
ለተጨማሪ,O
ማብራሪያ,O
የቴሌግራም,O
ገፃችን⤵️,O
........................,O
የፀጉር,O
ፔስትራ,O
ለየት,O
ባለ,O
ዲዛይን,O
ፀጉር,O
የሚያስዉብ,O
ዋጋ፦,O
ብር✅,O
❌ዉስን,O
ፍሬ,O
ነው,O
ያለን❌,O
❌,O
❌,O
አድራሻ,O
ቁ.,O
መገናኛ,O
ስሪ,O
ኤም,O
ሲቲ,O
ሞል,O
ሁለተኛ,O
ፎቅ,O
ቢሮ,O
ቁ.,O
-(ከ,O
ሊፍቱ,O
ፊት,O
ለ,O
ፊት),O
ቁ.,O
ለቡ,O
መዳህኒዓለም,O
ቤተ/ክርስቲያን,O
ፊት,O
ለፊት,O
ኛ,O
ፎቅ,O
ቢሮ,O
ቁጥር.,O
ለቡ,O
ቅርንጫፍ,O
በ,O
ለማዘዝ,O
⤵️,O
ይጠቀሙ,O
ለተጨማሪ,O
ማብራሪያ,O
የቴሌግራም,O
ገፃችን⤵️,O
........................,O
ለኮንዶሚኒየም,O
እና,O
ጠበብ,O
ያለ,O
ቦታ,O
ላላቸው,O
ተመራጭ,O
የጫማ,O
ማስቀመጫም,O
አለው,O
የቱርክ,O
ምርት,O
ጠንካራ,O
ተጣጥፎ,O
የሚቀመጥ,O
ቦታ,O
ቆጣቢ,O
ውስን,O
ፍሬ,O
ነው,O
ያለው,O
ዋጋ፦,O
",",O
ብር✅,O
አድራሻ,O
ቁ.,O
መገናኛ,O
ስሪ,O
ኤም,O
ሲቲ,O
ሞል,O
ሁለተኛ,O
ፎቅ,O
ቢሮ,O
ቁ.,O
-(ከ,O
ሊፍቱ,O
ፊት,O
ለ,O
ፊት),O
ቁ.,O
ለቡ,O
መዳህኒዓለም,O
ቤተ/ክርስቲያን,O
ፊት,O
ለፊት,O
ኛ,O
ፎቅ,O
ቢሮ,O
ቁጥር.,O
ለቡ,O
ቅርንጫፍ,O
በ,O
ለማዘዝ,O
⤵️,O
ይጠቀሙ,O
ለተጨማሪ,O
ማብራሪያ,O
የቴሌግራም,O
ገፃችን⤵️,O
⚡️ለወጥ,O
️,O
ማቅረቢያ,O
⚡️ለአይነት,O
ምግቦች,O
ማቅረቢያ,O
⚡️ለሳላድ,O
️ማቅረቢያ,O
ዋጋ:-ብር✅,O
✖️ውስን,O
ፍሬ,O
ነው,O
ያለን,O
አድራሻ,O
ቁ.,O
መገናኛ,O
ስሪ,O
ኤም,O
ሲቲ,O
ሞል,O
ሁለተኛ,O
ፎቅ,O
ቢሮ,O
ቁ.,O
-(ከ,O
ሊፍቱ,O
ፊት,O
ለ,O
ፊት),O
ቁ.,O
ለቡ,O
መዳህኒዓለም,O
ቤተ/ክርስቲያን,O
ፊት,O
ለፊት,O
ኛ,O
ፎቅ,O
ቢሮ,O
ቁጥር.,O
ለቡ,O
ቅርንጫፍ,O
በ,O
ለማዘዝ,O
⤵️,O
ይጠቀሙ,O
ለተጨማሪ,O
ማብራሪያ,O
የቴሌግራም,O
ገፃችን⤵️,O
✨,O
የማይጫጫር,O
የማይመነችክ,O
ሰርቪሶች,O
✨እረጅም,O
ጊዜ,O
ውበቱን,O
ጠብቆ,O
የሚቆይ,O
✨ሶስት,O
በአንድ,O
ላይ,O
የያዘ,O
✨ለእርስዎ,O
እንዲሁም,O
ለወዳጅ,O
ዘመድዎ,O
በስጦታ,O
የሚያበረክቱት,O
ዋጋ:-ብር✅,O
✖️ውስን,O
ፍሬ,O
ነዉ,O
ያለዉ,O
አድራሻ,O
ቁ.,O
መገናኛ,O
ስሪ,O
ኤም,O
ሲቲ,O
ሞል,O
ሁለተኛ,O
ፎቅ,O
ቢሮ,O
ቁ.,O
-(ከ,O
ሊፍቱ,O
ፊት,O
ለ,O
ፊት),O
ቁ.,O
ለቡ,O
መዳህኒዓለም,O
ቤተ/ክርስቲያን,O
ፊት,O
ለፊት,O
ኛ,O
ፎቅ,O
ቢሮ,O
ቁጥር.,O
ለቡ,O
ቅርንጫፍ,O
በ,O
ለማዘዝ,O
⤵️,O
ይጠቀሙ,O
ለተጨማሪ,O
ማብራሪያ,O
የቴሌግራም,O
ገፃችን⤵️,O
✨,O
የማይጫጫር,O
የማይመነችክ,O
ሰርቪሶች,O
✨እረጅም,O
ጊዜ,O
ውበቱን,O
ጠብቆ,O
የሚቆይ,O
✨ሶስት,O
በአንድ,O
ላይ,O
የያዘ,O
✨ለእርስዎ,O
እንዲሁም,O
ለወዳጅ,O
ዘመድዎ,O
በስጦታ,O
የሚያበረክቱት,O
ዋጋ:-ብር✅,O
✖️ውስን,O
ፍሬ,O
ነዉ,O
ያለዉ,O
አድራሻ,O
ቁ.,O
መገናኛ,O
ስሪ,O
ኤም,O
ሲቲ,O
ሞል,O
ሁለተኛ,O
ፎቅ,O
ቢሮ,O
ቁ.,O
-(ከ,O
ሊፍቱ,O
ፊት,O
ለ,O
ፊት),O
ቁ.,O
ለቡ,O
መዳህኒዓለም,O
ቤተ/ክርስቲያን,O
ፊት,O
ለፊት,O
ኛ,O
ፎቅ,O
ቢሮ,O
ቁጥር.,O
ለቡ,O
ቅርንጫፍ,O
በ,O
ለማዘዝ,O
⤵️,O
ይጠቀሙ,O
ለተጨማሪ,O
ማብራሪያ,O
የቴሌግራም,O
ገፃችን⤵️,O
⚡️,O
ለቅመማ,O
ቅመም,O
መፍጫ,O
እና,O
መነስነሻ,O
ዋጋ፦,O
ብር,O
አድራሻ,O
ቁ.,O
መገናኛ,O
ስሪ,O
ኤም,O
ሲቲ,O
ሞል,O
ሁለተኛ,O
ፎቅ,O
ቢሮ,O
ቁ.,O
-(ከ,O
ሊፍቱ,O
ፊት,O
ለ,O
ፊት),O
ቁ.,O
ለቡ,O
መዳህኒዓለም,O
ቤተ/ክርስቲያን,O
ፊት,O
ለፊት,O
ኛ,O
ፎቅ,O
ቢሮ,O
ቁጥር.,O
ለቡ,O
ቅርንጫፍ,O
በ,O
ለማዘዝ,O
⤵️,O
ይጠቀሙ,O
ለተጨማሪ,O
ማብራሪያ,O
የቴሌግራም,O
ገፃችን⤵️,O
⚡️,O
ለቅመማ,O
ቅመም,O
መፍጫ,O
እና,O
መነስነሻ,O
ዋጋ፦,O
ብር,O
አድራሻ,O
ቁ.,O
መገናኛ,O
ስሪ,O
ኤም,O
ሲቲ,O
ሞል,O
ሁለተኛ,O
ፎቅ,O
ቢሮ,O
ቁ.,O
-(ከ,O
ሊፍቱ,O
ፊት,O
ለ,O
ፊት),O
ቁ.,O
ለቡ,O
መዳህኒዓለም,O
ቤተ/ክርስቲያን,O
ፊት,O
ለፊት,O
ኛ,O
ፎቅ,O
ቢሮ,O
ቁጥር.,O
ለቡ,O
ቅርንጫፍ,O
በ,O
ለማዘዝ,O
⤵️,O
ይጠቀሙ,O
ለተጨማሪ,O
ማብራሪያ,O
የቴሌግራም,O
ገፃችን⤵️,O
/,O
⚡️,O
የመፀዳጃ,O
ቤትዕቃዎች,O
መደርደሪያ,O
⚡️,O
ጠንካራ,O
ብረት,O
⚡️,O
ሼልፉ,O
የላሜራ,O
⚡️,O
ብዙ,O
ነገሮችን,O
ያስቀምጡበታል,O
⚡️,O
አገጣጠሙ,O
ቀላል,O
⚡️,O
በራሱ,O
የሚቆም,O
⚡️,O
.ሜትር,O
ቁመት፣,O
ሣሜ,O
ስፋት,O
እና,O
ሰፊው,O
አካላ,O
ሣሜ,O
ጥልቀት,O
ያለው,O
⚡️,O
ለኮንዶሚኒየም/አፓርታማ,O
ቤቶች,O
የሚፈለግ,O
ዋጋ:-,O
ብር✅,O
✖️ውስን,O
ፍሬ,O
ነው,O
ያለው,O
አድራሻ,O
ቁ.,O
መገናኛ,O
ስሪ,O
ኤም,O
ሲቲ,O
ሞል,O
ሁለተኛ,O
ፎቅ,O
ቢሮ,O
ቁ.,O
-(ከ,O
ሊፍቱ,O
ፊት,O
ለ,O
ፊት),O
ቁ.,O
ለቡ,O
መዳህኒዓለም,O
ቤተ/ክርስቲያን,O
ፊት,O
ለፊት,O
ኛ,O
ፎቅ,O
ቢሮ,O
ቁጥር.,O
ለቡ,O
ቅርንጫፍ,O
በ,O
ለማዘዝ,O
⤵️,O
ይጠቀሙ,O
ለተጨማሪ,O
ማብራሪያ,O
የቴሌግራም,O
ገፃችን⤵️,O
/,O
⚡️,O
የመፀዳጃ,O
ቤትዕቃዎች,O
መደርደሪያ,O
⚡️,O
ጠንካራ,O
ብረት,O
⚡️,O
ሼልፉ,O
የላሜራ,O
⚡️,O
ብዙ,O
ነገሮችን,O
ያስቀምጡበታል,O
⚡️,O
አገጣጠሙ,O
ቀላል,O
⚡️,O
በራሱ,O
የሚቆም,O
⚡️,O
.ሜትር,O
ቁመት፣,O
ሣሜ,O
ስፋት,O
እና,O
ሰፊው,O
አካላ,O
ሣሜ,O
ጥልቀት,O
ያለው,O
⚡️,O
ለኮንዶሚኒየም/አፓርታማ,O
ቤቶች,O
የሚፈለግ,O
ዋጋ:-,O
ብር✅,O
✖️ውስን,O
ፍሬ,O
ነው,O
ያለው,O
አድራሻ,O
ቁ.,O
መገናኛ,O
ስሪ,O
ኤም,O
ሲቲ,O
ሞል,O
ሁለተኛ,O
ፎቅ,O
ቢሮ,O
ቁ.,O
-(ከ,O
ሊፍቱ,O
ፊት,O
ለ,O
ፊት),O
ቁ.,O
ለቡ,O
መዳህኒዓለም,O
ቤተ/ክርስቲያን,O
ፊት,O
ለፊት,O
ኛ,O
ፎቅ,O
ቢሮ,O
ቁጥር.,O
ለቡ,O
ቅርንጫፍ,O
በ,O
ለማዘዝ,O
⤵️,O
ይጠቀሙ,O
ለተጨማሪ,O
ማብራሪያ,O
የቴሌግራም,O
ገፃችን⤵️,O
/,O
⚡️,O
የመፀዳጃ,O
ቤትዕቃዎች,O
መደርደሪያ,O
⚡️,O
ጠንካራ,O
ብረት,O
⚡️,O
ሼልፉ,O
የላሜራ,O
⚡️,O
ብዙ,O
ነገሮችን,O
ያስቀምጡበታል,O
⚡️,O
አገጣጠሙ,O
ቀላል,O
⚡️,O
በራሱ,O
የሚቆም,O
⚡️,O
.ሜትር,O
ቁመት፣,O
ሣሜ,O
ስፋት,O
እና,O
ሰፊው,O
አካላ,O
ሣሜ,O
ጥልቀት,O
ያለው,O
⚡️,O
ለኮንዶሚኒየም/አፓርታማ,O
ቤቶች,O
የሚፈለግ,O
ዋጋ:-,O
ብር✅,O
✖️ውስን,O
ፍሬ,O
ነው,O
ያለው,O
አድራሻ,O
ቁ.,O
መገናኛ,O
ስሪ,O
ኤም,O
ሲቲ,O
ሞል,O
ሁለተኛ,O
ፎቅ,O
ቢሮ,O
ቁ.,O
-(ከ,O
ሊፍቱ,O
ፊት,O
ለ,O
ፊት),O
ቁ.,O
ለቡ,O
መዳህኒዓለም,O
ቤተ/ክርስቲያን,O
ፊት,O
ለፊት,O
ኛ,O
ፎቅ,O
ቢሮ,O
ቁጥር.,O
ለቡ,O
ቅርንጫፍ,O
በ,O
ለማዘዝ,O
⤵️,O
ይጠቀሙ,O
ለተጨማሪ,O
ማብራሪያ,O
የቴሌግራም,O
ገፃችን⤵️,O
........................,O
®,O
✨️⃣️⃣,O
✨°,O
_,O
°,O
✨,O
✨,O
✨,O
/,O
ዋጋ፦,O
",ብር",O
♦️ውስን,O
ፍሬ,O
ነው,O
ያለው,O
አድራሻ,O
ቁ.,O
መገናኛ,O
ስሪ,O
ኤም,O
ሲቲ,O
ሞል,O
ሁለተኛ,O
ፎቅ,O
ቢሮ,O
ቁ.,O
-(ከ,O
ሊፍቱ,O
ፊት,O
ለ,O
ፊት),O
ቁ.,O
ለቡ,O
መዳህኒዓለም,O
ቤተ/ክርስቲያን,O
ፊት,O
ለፊት,O
ኛ,O
ፎቅ,O
ቢሮ,O
ቁጥር.,O
ለቡ,O
ቅርንጫፍ,O
በ,O
ለማዘዝ,O
⤵️,O
ይጠቀሙ,O
ለተጨማሪ,O
ማብራሪያ,O
የቴሌግራም,O
ገፃችን⤵️,O
........................,O
⚡️ኳሊቲ,O
የሆነ,O
አክለሪክ,O
ማቴሪያል,O
⚡️ማራኪ,O
እና,O
በዉብ,O
ዲዛይን,O
⚡️ለቤትዎ,O
ተጨማሪ,O
ድምቀት,O
የሚሆን,O
⚡️እማይጫጫር,O
ዋጋ:-ብር✅,O
♦️ውስን,O
ፍሬ,O
ነው,O
ያለው,O
አድራሻ,O
"ቁ.,መገናኛ",O
ታሜ,O
ጋስ,O
ህንፃ,O
ጎን,O
ስሪ,O
ኤም,O
ሲቲ,O
ሞል,O
ሁለተኛ,O
ፎቅ,O
ቢሮ,O
ቁ.,O
-,O
(ከ,O
ሊፍቱ,O
ፊት,O
ለ,O
ፊት),O
ቁ.,O
ለቡ,O
መዳህኒዓለም,O
ቤተ/ክርስቲያን,O
ፊት,O
ለፊት,O
ኛ,O
ፎቅ,O
ቢሮ,O
ቁጥር.,O
ለቡ,O
ቅርንጫፍ,O
በ,O
ለማዘዝ,O
⤵️,O
ይጠቀሙ,O
........................,O
⚡️ኳሊቲ,O
የሆነ,O
አክለሪክ,O
ማቴሪያል,O
⚡️ማራኪ,O
እና,O
በዉብ,O
ዲዛይን,O
⚡️ለቤትዎ,O
ተጨማሪ,O
ድምቀት,O
የሚሆን,O
⚡️እማይጫጫር,O
ዋጋ:-ብር✅,O
♦️ውስን,O
ፍሬ,O
ነው,O
ያለው,O
አድራሻ,O
"ቁ.,መገናኛ",O
ታሜ,O
ጋስ,O
ህንፃ,O
ጎን,O
ስሪ,O
ኤም,O
ሲቲ,O
ሞል,O
ሁለተኛ,O
ፎቅ,O
ቢሮ,O
ቁ.,O
-,O
(ከ,O
ሊፍቱ,O
ፊት,O
ለ,O
ፊት),O
ቁ.,O
ለቡ,O
መዳህኒዓለም,O
ቤተ/ክርስቲያን,O
ፊት,O
ለፊት,O
ኛ,O
ፎቅ,O
ቢሮ,O
ቁጥር.,O
ለቡ,O
ቅርንጫፍ,O
በ,O
ለማዘዝ,O
⤵️,O
ይጠቀሙ,O
የህፃናት,O
ምግብ,O
ለማዘጋጀት,O
የሚፈለግ,O
ጁስ፣ሽንኩርት፣,O
ስጋ,O
እና,O
አትክልቶችን,O
ይፈጩበታል,O
እንቁላልና,O
ክሬም,O
ይመቱበታል,O
ዋጋ፦,O
ብር✅,O
⚡️ውስን,O
ፍሬ,O
ነው,O
ያለው,O
አድራሻ,O
ቁ.,O
መገናኛ,O
ስሪ,O
ኤም,O
ሲቲ,O
ሞል,O
ሁለተኛ,O
ፎቅ,O
ቢሮ,O
ቁ.,O
-(ከ,O
ሊፍቱ,O
ፊት,O
ለ,O
ፊት),O
ቁ.,O
ለቡ,O
መዳህኒዓለም,O
ቤተ/ክርስቲያን,O
ፊት,O
ለፊት,O
ኛ,O
ፎቅ,O
ቢሮ,O
ቁጥር.,O
ለቡ,O
ቅርንጫፍ,O
በ,O
ለማዘዝ,O
⤵️,O
ይጠቀሙ,O
ለተጨማሪ,O
ማብራሪያ,O
የቴሌግራም,O
ገፃችን⤵️,O
⚡️,O
ክሰል,O
ቆጣቢ,O
⚡️,O
ውብ,O
እና,O
ጠንካራ,O
ዋጋ፦,O
ብር,O
♦️ውስን,O
ፍሬ,O
ነው,O
ያለው,O
አድራሻ,O
"ቁ.,መገናኛ",O
ታሜ,O
ጋስ,O
ህንፃ,O
ጎን,O
ስሪ,O
ኤም,O
ሲቲ,O
ሞል,O
ሁለተኛ,O
ፎቅ,O
ቢሮ,O
ቁ.,O
-,O
(ከ,O
ሊፍቱ,O
ፊት,O
ለ,O
ፊት),O
ቁ.,O
ለቡ,O
መዳህኒዓለም,O
ቤተ/ክርስቲያን,O
ፊት,O
ለፊት,O
ኛ,O
ፎቅ,O
ቢሮ,O
ቁጥር.,O
ለቡ,O
ቅርንጫፍ,O
በ,O
ለማዘዝ,O
⤵️,O
ይጠቀሙ,O
ለእግር,O
ልስላሴ,O
ለሚሰነጣጠቅ,O
እግር,O
ድርቀትን,O
የሚያለሰልስ,O
የሚታጠብ,O
✅በቀን,O
ከ-,O
ደቂቃ,O
ብንጠቀመው,O
የእግራችንን,O
ልስላሴ,O
ሙሉ,O
በሙሉ,O
መመለስ,O
ይቻላል,O
ዋጋ፦,O
ብር,O
ውስን,O
ፍሬ,O
ነው,O
ያለን/,O
አድራሻ,O
"ቁ.,መገናኛ",O
ታሜ,O
ጋስ,O
ህንፃ,O
ጎን,O
ስሪ,O
ኤም,O
ሲቲ,O
ሞል,O
ሁለተኛ,O
ፎቅ,O
ቢሮ,O
ቁ.,O
-,O
(ከ,O
ሊፍቱ,O
ፊት,O
ለ,O
ፊት),O
ቁ.,O
ለቡ,O
መዳህኒዓለም,O
ቤተ/ክርስቲያን,O
ፊት,O
ለፊት,O
ኛ,O
ፎቅ,O
ቢሮ,O
ቁጥር.,O
ለቡ,O
ቅርንጫፍ,O
በ,O
ለማዘዝ,O
⤵️,O
ይጠቀሙ,O
ለእግር,O
ልስላሴ,O
ለሚሰነጣጠቅ,O
እግር,O
ድርቀትን,O
የሚያለሰልስ,O
የሚታጠብ,O
✅በቀን,O
ከ-,O
ደቂቃ,O
ብንጠቀመው,O
የእግራችንን,O
ልስላሴ,O
ሙሉ,O
በሙሉ,O
መመለስ,O
ይቻላል,O
ዋጋ፦,O
ብር,O
ውስን,O
ፍሬ,O
ነው,O
ያለን/,O
አድራሻ,O
"ቁ.,መገናኛ",O
ታሜ,O
ጋስ,O
ህንፃ,O
ጎን,O
ስሪ,O
ኤም,O
ሲቲ,O
ሞል,O
ሁለተኛ,O
ፎቅ,O
ቢሮ,O
ቁ.,O
-,O
(ከ,O
ሊፍቱ,O
ፊት,O
ለ,O
ፊት),O
ቁ.,O
ለቡ,O
መዳህኒዓለም,O
ቤተ/ክርስቲያን,O
ፊት,O
ለፊት,O
ኛ,O
ፎቅ,O
ቢሮ,O
ቁጥር.,O
ለቡ,O
ቅርንጫፍ,O
በ,O
ለማዘዝ,O
⤵️,O
ይጠቀሙ,O
⚡️,O
⚡️በሶስት,O
የቀለም,O
አማራጭ,O
⚡️,O
ዋጋ:-ብር✅,O
✖️ውስን,O
ፍሬ,O
ነው,O
ያለው,O
አድራሻ,O
መገናኛ,O
ስሪ,O
ኤም,O
ሲቲ,O
ሞል,O
ሁለተኛ,O
ፎቅ,O
ቢሮ,O
ቁ.,O
-(ከ,O
ሊፍቱ,O
ፊት,O
ለ,O
ፊት),O
ቁ.,O
ለቡ,O
መዳህኒዓለም,O
ቤተ/ክርስቲያን,O
ፊት,O
ለፊት,O
ኛ,O
ፎቅ,O
ቢሮ,O
ቁጥር.,O
ለቡ,O
ቅርንጫፍ,O
በ,O
ለማዘዝ,O
⤵️,O
ይጠቀሙ,O
ለተጨማሪ,O
ማብራሪያ,O
የቴሌግራም,O
ገፃችን⤵️,O
ዋጋ:-ብር,O
ውስን,O
ፍሬ,O
ነው,O
ያለን/,O
አድራሻ,O
ቁ.መገናኛ,O
ስሪ,O
ኤም,O
ሲቲ,O
ሞል,O
ሁለተኛ,O
ፎቅ,O
ቢሮ,O
ቁ.,O
-(ከ,O
ሊፍቱ,O
ፊት,O
ለ,O
ፊት),O
ቁ.,O
ለቡ,O
መዳህኒዓለም,O
ቤተ/ክርስቲያን,O
ፊት,O
ለፊት,O
ኛ,O
ፎቅ,O
ቢሮ,O
ቁጥር.,O
ለቡ,O
ቅርንጫፍ,O
በ,O
ለማዘዝ,O
⤵️,O
ይጠቀሙ,O
ለተጨማሪ,O
ማብራሪያ,O
የቴሌግራም,O
ገፃችን⤵️,O
⏲,O
⏰,O
ለአጠቃቀም,O
በጣም,O
ምቹ,O
እና,O
ዘመናዊ,O
⚡️,O
ቆሻሻ,O
የማይዝ,O
ዋጋ:-ብር✅,O
ውስን,O
ፍሬ,O
ነው,O
የቀረው,O
❌,O
አድራሻ,O
ቁ.,O
መገናኛ,O
ስሪ,O
ኤም,O
ሲቲ,O
ሞል,O
ሁለተኛ,O
ፎቅ,O
ቢሮ,O
ቁ.,O
-(ከ,O
ሊፍቱ,O
ፊት,O
ለ,O
ፊት),O
ቁ.,O
ለቡ,O
መዳህኒዓለም,O
ቤተ/ክርስቲያን,O
ፊት,O
ለፊት,O
ኛ,O
ፎቅ,O
ቢሮ,O
ቁጥር.,O
በ,O
ለማዘዝ,O
⤵️,O
ይጠቀሙ,O
ለተጨማሪ,O
ማብራሪያ,O
የቴሌግራም,O
ገፃችን⤵️,O
የማይዙ,O
ማራኪ,O
ግራናይት,O
ቅብ,O
ድስቶች,O
ድስቶች,O
ከነ,O
ክዳናቸው,O
",,",O
ስፋት,O
ያላቸው,O
ድስቶች,O
ዋጋ፦,O
ብር✅,O
ውስን,O
ፍሬ,O
ነው,O
ያለን/,O
አድራሻ,O
ቁ.,O
መገናኛ,O
ስሪ,O
ኤም,O
ሲቲ,O
ሞል,O
ሁለተኛ,O
ፎቅ,O
ቢሮ,O
ቁ.,O
-(ከ,O
ሊፍቱ,O
ፊት,O
ለ,O
ፊት),O
ቁ.,O
ለቡ,O
መዳህኒዓለም,O
ቤተ/ክርስቲያን,O
ፊት,O
ለፊት,O
ኛ,O
ፎቅ,O
ቢሮ,O
ቁጥር.,O
ለቡ,O
ቅርንጫፍ,O
በ,O
ለማዘዝ,O
⤵️,O
ይጠቀሙ,O
ለተጨማሪ,O
ማብራሪያ,O
የቴሌግራም,O
ገፃችን⤵️,O
የማይዙ,O
ማራኪ,O
ግራናይት,O
ቅብ,O
ድስቶች,O
ድስቶች,O
ከነ,O
ክዳናቸው,O
",,",O
ስፋት,O
ያላቸው,O
ድስቶች,O
ዋጋ፦,O
ብር✅,O
ውስን,O
ፍሬ,O
ነው,O
ያለን/,O
አድራሻ,O
ቁ.,O
መገናኛ,O
ስሪ,O
ኤም,O
ሲቲ,O
ሞል,O
ሁለተኛ,O
ፎቅ,O
ቢሮ,O
ቁ.,O
-(ከ,O
ሊፍቱ,O
ፊት,O
ለ,O
ፊት),O
ቁ.,O
ለቡ,O
መዳህኒዓለም,O
ቤተ/ክርስቲያን,O
ፊት,O
ለፊት,O
ኛ,O
ፎቅ,O
ቢሮ,O
ቁጥር.,O
ለቡ,O
ቅርንጫፍ,O
በ,O
ለማዘዝ,O
⤵️,O
ይጠቀሙ,O
ለተጨማሪ,O
ማብራሪያ,O
የቴሌግራም,O
ገፃችን⤵️,O
በሰከንዶች,O
ድቅቅ,O
የሚያደርግ,O
⚡️,O
⚡️(),O
⚡️,O
⚡️,O
⚡️,O
.,O
",",O
ዋጋ፦,O
ብር✅,O
♦️ውስን,O
ፍሬ,O
ነው,O
ያለው,O
አድራሻ,O
ቁ.,O
መገናኛ,O
ስሪ,O
ኤም,O
ሲቲ,O
ሞል,O
ሁለተኛ,O
ፎቅ,O
ቢሮ,O
ቁ.,O
-(ከ,O
ሊፍቱ,O
ፊት,O
ለ,O
ፊት),O
ቁ.,O
ለቡ,O
መዳህኒዓለም,O
ቤተ/ክርስቲያን,O
ፊት,O
ለፊት,O
ኛ,O
ፎቅ,O
ቢሮ,O
ቁጥር.,O
ለቡ,O
ቅርንጫፍ,O
በ,O
ለማዘዝ,O
⤵️,O
ይጠቀሙ,O
ለተጨማሪ,O
ማብራሪያ,O
የቴሌግራም,O
ገፃችን⤵️,O
✅,O
ዋጋ:-ብር✅,O
አድራሻ,O
ቁ.,O
መገናኛ,O
ስሪ,O
ኤም,O
ሲቲ,O
ሞል,O
ሁለተኛ,O
ፎቅ,O
ቢሮ,O
ቁ.,O
-(ከ,O
ሊፍቱ,O
ፊት,O
ለ,O
ፊት),O
ቁ.,O
ለቡ,O
መዳህኒዓለም,O
ቤተ/ክርስቲያን,O
ፊት,O
ለፊት,O
ኛ,O
ፎቅ,O
ቢሮ,O
ቁጥር.,O
ለቡ,O
ቅርንጫፍ,O
በ,O
ለማዘዝ,O
⤵️,O
ይጠቀሙ,O
ለተጨማሪ,O
ማብራሪያ,O
የቴሌግራም,O
ገፃችን⤵️,O
በረፍት,O
ቀንዎ,O
ሱቅ,O
ላይ,O
መስተናገድ,O
ለምትፈልጉ,O
ውድ,O
ደንበኞቻችን,O
✨,O
ነገ,O
ከ:-:,O
ድረስ,O
ክፍት,O
መሆኑን,O
በአክብሮት,O
እንገልፃለን,O
ሱቃችን,O
መጥተው,O
መግዛት,O
ላልቻላችሁ,O
በዲሊቨሪ,O
እናደርሳለን።,O
እንዲሁም,O
ዘዉትር,O
ሰኞ-ቅዳሜ,O
ከጥዋቱ,O
:,O
እስከ,O
ምሽቱ,O
:,O
ክፍት,O
መሆኑን,O
በአክብሮት,O
እንገልፃለን,O
አድራሻ,O
መገናኛ,O
ስሪ,O
ኤም,O
ሲቲ,O
ሞል,O
ሁለተኛ,O
ፎቅ,O
ቢሮ,O
ቁ.,O
-(ከ,O
ሊፍቱ,O
ፊት,O
ለ,O
ፊት),O
በ,O
ለማዘዝ,O
⤵️,O
ይጠቀሙ,O
ለተጨማሪ,O
ማብራሪያ,O
የቴሌግራም,O
ገፃችን⤵️,O
ሳቺ,O
ባለሁለት,O
ምድጃ,O
ስቶቭ,O
⚡️,O
ዋት,O
⚡️,O
ፊውዝ,O
የተገጠመለት,O
⚡️,O
ትልቅ,O
ድስት,O
መሸከም,O
የሚችል,O
⚡️,O
አስተማማኝ,O
ቴርሞስታት,O
⚡️,O
ባለ,O
ፊውዝ,O
ዋጋ፦,O
ትልቁ,O
:-,O
ብር✅,O
አድራሻ,O
ቁ.,O
መገናኛ,O
ስሪ,O
ኤም,O
ሲቲ,O
ሞል,O
ሁለተኛ,O
ፎቅ,O
ቢሮ,O
ቁ.,O
-(ከ,O
ሊፍቱ,O
ፊት,O
ለ,O
ፊት),O
ቁ.,O
ለቡ,O
መዳህኒዓለም,O
ቤተ/ክርስቲያን,O
ፊት,O
ለፊት,O
ኛ,O
ፎቅ,O
ቢሮ,O
ቁጥር.,O
ለቡ,O
ቅርንጫፍ,O
በ,O
ለማዘዝ,O
⤵️,O
ይጠቀሙ,O
ለተጨማሪ,O
ማብራሪያ,O
የቴሌግራም,O
ገፃችን⤵️,O
ለክቡራን,O
ደንበኞቻችን,O
እናንተን,O
በቅርበት,O
ለማገልገል,O
መዳህኒዓለም,O
ቤተ/ክርስቲያን,O
ፊት,O
ለፊት,O
ኛ,O
ፎቅ,O
ቢሮ,O
ቁጥር.,O
ኛ,O
ቅርንጫፋችንን,O
የከፈትን,O
መሆኑን,O
በደስታ,O
እንገልፃለን,O
ኑሮን,O
የሚያቀሉ,O
እቃወች,O
የመዋቢያ,O
እቃዎች,O
✔️ለልጅዎ,O
እጅግ,O
አስፈላጊ,O
እቃወች,O
እንዲሁም,O
ለወዳጅ,O
ለዘመድ,O
ስጦታ,O
ምን,O
ልስጥ,O
ካሉ,O
እኝ,O
ጋር,O
ያገኝሉ,O
‼️ጥራት,O
‼️ዋስትና,O
‼️ተመጣጣኝ,O
ዋጋ,O
በአንድ,O
ላይ,O
ይጠብቀዎታል።,O
አድራሻ,O
ቁ.,O
መገናኛ,O
ስሪ,O
ኤም,O
ሲቲ,O
ሞል,O
ሁለተኛ,O
ፎቅ,O
ቢሮ,O
ቁ.,O
-(ከ,O
ሊፍቱ,O
ፊት,O
ለ,O
ፊት),O
ቁ.,O
ለቡ,O
መዳህኒዓለም,O
ቤተ/ክርስቲያን,O
ፊት,O
ለፊት,O
ኛ,O
ፎቅ,O
ቢሮ,O
ቁጥር.,O
ለቡ,O
ቅርንጫፍ,O
በ,O
ለማዘዝ,O
⤵️,O
ይጠቀሙ,O
ለተጨማሪ,O
ማብራሪያ,O
የቴሌግራም,O
ገፃችን⤵️,O
እጅግ,O
ውብ,O
የሆኑ,O
የጁስ,O
እና,O
የውሃ,O
መጠጫ,O
ብርጭቆዎች,O
የቤትዎን,O
ውበት,O
የሚጨምር,O
የቱርክ,O
ምርት,O
በጣም,O
ወፍራም,O
ለወዳጅ,O
ዘመድ,O
ስጦታ,O
የሚሆን,O
ምርጥ,O
እቃ,O
ዋጋ:-,O
ፍሬ,O
በ,O
ብር✅,O
:-,O
ፍሬ,O
በ,O
ብር✅,O
✖️ውስን,O
ፍሬ,O
ነው,O
ያለው,O
አድራሻ,O
መገናኛ,O
ስሪ,O
ኤም,O
ሲቲ,O
ሞል,O
ሁለተኛ,O
ፎቅ,O
ቢሮ,O
ቁ.,O
-(ከ,O
ሊፍቱ,O
ፊት,O
ለ,O
ፊት),O
በ,O
ለማዘዝ,O
⤵️,O
ይጠቀሙ,O
ለተጨማሪ,O
ማብራሪያ,O
የቴሌግራም,O
ገፃችን⤵️,O
እጅግ,O
ውብ,O
የሆኑ,O
የጁስ,O
እና,O
የውሃ,O
መጠጫ,O
ብርጭቆዎች,O
የቤትዎን,O
ውበት,O
የሚጨምር,O
የቱርክ,O
ምርት,O
በጣም,O
ወፍራም,O
ለወዳጅ,O
ዘመድ,O
ስጦታ,O
የሚሆን,O
ምርጥ,O
እቃ,O
ዋጋ:-,O
ፍሬ,O
በ,O
ብር✅,O
:-,O
ፍሬ,O
በ,O
ብር✅,O
✖️ውስን,O
ፍሬ,O
ነው,O
ያለው,O
አድራሻ,O
መገናኛ,O
ስሪ,O
ኤም,O
ሲቲ,O
ሞል,O
ሁለተኛ,O
ፎቅ,O
ቢሮ,O
ቁ.,O
-(ከ,O
ሊፍቱ,O
ፊት,O
ለ,O
ፊት),O
በ,O
ለማዘዝ,O
⤵️,O
ይጠቀሙ,O
ለተጨማሪ,O
ማብራሪያ,O
የቴሌግራም,O
ገፃችን⤵️,O
⚡️,O
",",O
⚡️,O
-,O
",",O
⚡️,O
ዋጋ፦,O
ብር✅,O
✖️ውስን,O
ፍሬ,O
ነው,O
ያለን,O
አድራሻ,O
መገናኛ,O
ስሪ,O
ኤም,O
ሲቲ,O
ሞል,O
ሁለተኛ,O
ፎቅ,O
ቢሮ,O
ቁ.,O
-(ከ,O
ሊፍቱ,O
ፊት,O
ለ,O
ፊት),O
በ,O
ለማዘዝ,O
⤵️,O
ይጠቀሙ,O
ለተጨማሪ,O
ማብራሪያ,O
የቴሌግራም,O
ገፃችን⤵️,O
ከ%,O
በላይ,O
የዘይት,O
ፍጆታ,O
የሚቀንስ,O
ለጤና,O
ተመራጭ,O
ከ,O
%,O
በላይ,O
ጊዜና,O
ኤሌክትሪክ,O
ቆጣቢ,O
ዘመነኛ,O
እቃ,O
ቺፕስ,O
፣ሰቴክ,O
፣,O
ቺክን,O
ማንኛውንም,O
ነገር,O
ያለዘይት,O
ተፈጥሯዊ,O
ጣዕሙን,O
ሳይለውጥ,O
መጥበስ,O
የሚያስችል,O
ኬክ,O
መስራት,O
የሚያስችል,O
✅,O
ሊትር,O
ዋጋ፦,O
",",O
ብር✅,O
♦️ውስን,O
ፍሬ,O
ነው,O
ያለው,O
አድራሻ,O
መገናኛ,O
ስሪ,O
ኤም,O
ሲቲ,O
ሞል,O
ሁለተኛ,O
ፎቅ,O
ቢሮ,O
ቁ.,O
-(ከ,O
ሊፍቱ,O
ፊት,O
ለ,O
ፊት),O
በ,O
ለማዘዝ,O
⤵️,O
ይጠቀሙ,O
ለተጨማሪ,O
ማብራሪያ,O
የቴሌግራም,O
ገፃችን⤵️,O
ከ%,O
በላይ,O
የዘይት,O
ፍጆታ,O
የሚቀንስ,O
ለጤና,O
ተመራጭ,O
ከ,O
%,O
በላይ,O
ጊዜና,O
ኤሌክትሪክ,O
ቆጣቢ,O
ዘመነኛ,O
እቃ,O
ቺፕስ,O
፣ሰቴክ,O
፣,O
ቺክን,O
ማንኛውንም,O
ነገር,O
ያለዘይት,O
ተፈጥሯዊ,O
ጣዕሙን,O
ሳይለውጥ,O
መጥበስ,O
የሚያስችል,O
ኬክ,O
መስራት,O
የሚያስችል,O
✅,O
ሊትር,O
ዋጋ፦,O
",",O
ብር✅,O
♦️ውስን,O
ፍሬ,O
ነው,O
ያለው,O
አድራሻ,O
መገናኛ,O
ስሪ,O
ኤም,O
ሲቲ,O
ሞል,O
ሁለተኛ,O
ፎቅ,O
ቢሮ,O
ቁ.,O
-(ከ,O
ሊፍቱ,O
ፊት,O
ለ,O
ፊት),O
በ,O
ለማዘዝ,O
⤵️,O
ይጠቀሙ,O
ለተጨማሪ,O
ማብራሪያ,O
የቴሌግራም,O
ገፃችን⤵️,O
እጅግ,O
ውብ,O
የሆኑ,O
የውሃ,O
መጠጫ,O
ብርጭቆዎች,O
የቤትዎን,O
ውበት,O
የሚጨምር,O
የቱርክ,O
ምርት,O
በጣም,O
ወፍራም,O
ለወዳጅ,O
ዘመድ,O
ስጦታ,O
የሚሆን,O
ምርጥ,O
እቃ,O
ዋጋ:-,O
ፍሬ,O
በ,O
ብር✅,O
:-,O
ፍሬ,O
በ,O
ብር✅,O
✖️ውስን,O
ፍሬ,O
ነው,O
ያለው,O
አድራሻ,O
መገናኛ,O
ስሪ,O
ኤም,O
ሲቲ,O
ሞል,O
ሁለተኛ,O
ፎቅ,O
ቢሮ,O
ቁ.,O
-(ከ,O
ሊፍቱ,O
ፊት,O
ለ,O
ፊት),O
በ,O
ለማዘዝ,O
⤵️,O
ይጠቀሙ,O
ለተጨማሪ,O
ማብራሪያ,O
የቴሌግራም,O
ገፃችን⤵️,O
®,O
⚡️የጁስ,O
መፍጫ,O
እና,O
የቡና,O
ቅመማ,O
ቅመም,O
መፍጫ,O
⚡️,O
⚡️,O
⚡️,O
⚡️:-,O
⚡️,O
ዋጋ:-ብር✅,O
አድራሻ,O
መገናኛ,O
ስሪ,O
ኤም,O
ሲቲ,O
ሞል,O
ሁለተኛ,O
ፎቅ,O
ቢሮ,O
ቁ.,O
-(ከ,O
ሊፍቱ,O
ፊት,O
ለ,O
ፊት),O
በ,O
ለማዘዝ,O
⤵️,O
ይጠቀሙ,O
ለተጨማሪ,O
ማብራሪያ,O
የቴሌግራም,O
ገፃችን⤵️,O
®,O
⚡️የጁስ,O
መፍጫ,O
እና,O
የቡና,O
ቅመማ,O
ቅመም,O
መፍጫ,O
⚡️,O
⚡️,O
⚡️,O
⚡️:-,O
⚡️,O
ዋጋ:-ብር✅,O
አድራሻ,O
መገናኛ,O
ስሪ,O
ኤም,O
ሲቲ,O
ሞል,O
ሁለተኛ,O
ፎቅ,O
ቢሮ,O
ቁ.,O
-(ከ,O
ሊፍቱ,O
ፊት,O
ለ,O
ፊት),O
በ,O
ለማዘዝ,O
⤵️,O
ይጠቀሙ,O
ለተጨማሪ,O
ማብራሪያ,O
የቴሌግራም,O
ገፃችን⤵️,O
.,O
ለተለያዩ,O
መጠጦች,O
ማቅረቢያ,O
.,O
ሊትር,O
የመያዝ,O
አቅም,O
ያለው,O
ማራኪ,O
እና,O
በዉብ,O
ዲዛይን,O
ለቤትዎ,O
ተጨማሪ,O
ድምቀት,O
የሚሆን,O
ዋጋ:-ብር✅,O
❌ዉስን,O
ፍሬ,O
ነው,O
ያለን,O
❌,O
አድራሻ,O
መገናኛ,O
ስሪ,O
ኤም,O
ሲቲ,O
ሞል,O
ሁለተኛ,O
ፎቅ,O
ቢሮ,O
ቁ.,O
-(ከ,O
ሊፍቱ,O
ፊት,O
ለ,O
ፊት),O
በ,O
ለማዘዝ,O
⤵️,O
ይጠቀሙ,O
ለተጨማሪ,O
ማብራሪያ,O
የቴሌግራም,O
ገፃችን⤵️,O
.,O
ለተለያዩ,O
መጠጦች,O
ማቅረቢያ,O
.,O
ሊትር,O
የመያዝ,O
አቅም,O
ያለው,O
ማራኪ,O
እና,O
በዉብ,O
ዲዛይን,O
ለቤትዎ,O
ተጨማሪ,O
ድምቀት,O
የሚሆን,O
ዋጋ:-ብር✅,O
❌ዉስን,O
ፍሬ,O
ነው,O
ያለን,O
❌,O
አድራሻ,O
መገናኛ,O
ስሪ,O
ኤም,O
ሲቲ,O
ሞል,O
ሁለተኛ,O
ፎቅ,O
ቢሮ,O
ቁ.,O
-(ከ,O
ሊፍቱ,O
ፊት,O
ለ,O
ፊት),O
በ,O
ለማዘዝ,O
⤵️,O
ይጠቀሙ,O
ለተጨማሪ,O
ማብራሪያ,O
የቴሌግራም,O
ገፃችን⤵️,O
®,O
⚡️ለቤትና,O
ለሬስቶራንት,O
አገልግሎት,O
የሚውል,O
⚡️ለአጠቃቀም,O
ሆነ,O
ለአያያዝ,O
ቀላልና,O
ምቹ,O
የሆነ,O
⚡️እንዲሁም:-,O
ለፒዛ,O
፣,O
ለቡና,O
መቁያነት,O
፣,O
ለአንባሻ,O
፣,O
ለጨጨብሳ,O
፣,O
ለፈጢራ,O
፣,O
ለዳቦ,O
፣,O
ለጥብስና,O
ለተለያዩ,O
አገልግሎቶች,O
የሚሆን,O
⚡️ከ,O
በጥራት,O
የተሻለ,O
⚡️አነስተኛ,O
የኤሌክትሪክ,O
ፍጆታ,O
የሚጠቀም,O
ዋጋ፦,O
:-ብር✅,O
:-ብር✅,O
✖️ውስን,O
ፍሬ,O
ነው,O
ያለው,O
አድራሻ,O
መገናኛ,O
ስሪ,O
ኤም,O
ሲቲ,O
ሞል,O
ሁለተኛ,O
ፎቅ,O
ቢሮ,O
ቁ.,O
-(ከ,O
ሊፍቱ,O
ፊት,O
ለ,O
ፊት),O
በ,O
ለማዘዝ,O
⤵️,O
ይጠቀሙ,O
ለተጨማሪ,O
ማብራሪያ,O
የቴሌግራም,O
ገፃችን⤵️,O
®,O
⚡️,O
⚡️,O
️,O
⚡️ለአጠቃቀም,O
በጣም,O
ምቹ,O
እና,O
ዘመናዊ,O
⚡️ቆሻሻ,O
የማይዝ,O
⚡️,O
ዋጋ፦,O
",ብር✅",O
♦️ውስን,O
ፍሬ,O
ነው,O
ያለው,O
አድራሻ,O
መገናኛ,O
ስሪ,O
ኤም,O
ሲቲ,O
ሞል,O
ሁለተኛ,O
ፎቅ,O
ቢሮ,O
ቁ.,O
-(ከ,O
ሊፍቱ,O
ፊት,O
ለ,O
ፊት),O
በ,O
ለማዘዝ,O
⤵️,O
ይጠቀሙ,O
ለተጨማሪ,O
ማብራሪያ,O
የቴሌግራም,O
ገፃችን⤵️,O
